{
   "elements" : {
      "edges" : [
         {
            "data" : {
               "Pearson" : -0.1780172487290780,
               "source" : "B",
               "target" : "A"
            }
         }
      ],
      "nodes" : [
         {
            "data" : {
               "Bias" : 0.40,
               "Max" : 1,
               "Mean" : 0.20,
               "Std" : 0.2449489742783178,
               "id" : "A",
               "name" : "A"
            }
         },
         {
            "data" : {
               "Bias" : 0.650,
               "Max" : 2,
               "Mean" : 0.650,
               "Std" : 0.1719980620045858,
               "id" : "B",
               "name" : "B"
            }
         }
      ]
   },
   "setup" : {
      "date" : "Tue Jun 16 15:26:11 2015",
      "s_name" : "time_series",
      "select" : " WHERE (C_time_series = 4 AND R_time_series > 0.5 AND R_time_series <= 1)",
      "size" : 45
   }
}

