{
	"records": [
		{
			"E_A": "",
			"E_B": "",
			"ending": "any",
			"name": "test_ts",
			"records": [
				{
					"recid": 0,
					"V_B": "[0,1)"
				},
				{
					"recid": 1,
					"V_B": "(1,2]"
				}
			],
			"select": true,
			"recid": 0
		},
		{
			"E_A": "",
			"E_B": "",
			"ending": "goto A",
			"name": "test_cycle",
			"records": [
				{
					"recid": 0,
					"V_A": "0"
				},
				{
					"recid": 1,
					"V_A": "1"
				}
			],
			"select": true,
			"recid": 1
		}
	]
}