<?xml version="1.0" encoding="UTF-8"?>
<project-private xmlns="http://www.netbeans.org/ns/project-private/1">
    <editor-bookmarks xmlns="http://www.netbeans.org/ns/editor-bookmarks/2" lastBookmarkId="0"/>
    <open-files xmlns="http://www.netbeans.org/ns/projectui-open-files/2">
        <group>
            <file>file:/C:/Users/adams_000/TREMPPI/javascript/properties/page.js</file>
            <file>file:/C:/Users/adams_000/TREMPPI/javascript/witness/controls.js</file>
            <file>file:/C:/Users/adams_000/TREMPPI/javascript/index/controls.js</file>
            <file>file:/C:/Users/adams_000/TREMPPI/javascript/index/widget.js</file>
            <file>file:/C:/Users/adams_000/TREMPPI/javascript/index.html</file>
            <file>file:/C:/Users/adams_000/TREMPPI/javascript/witness/widget.js</file>
            <file>file:/C:/Users/adams_000/TREMPPI/javascript/libs/cytoscape-2.4.8.min.js</file>
            <file>file:/C:/Users/adams_000/TREMPPI/javascript/data/quantitative/MIN_COST.json</file>
            <file>file:/C:/Users/adams_000/TREMPPI/javascript/index/page.js</file>
            <file>file:/C:/Users/adams_000/TREMPPI/javascript/properties/controls.js</file>
            <file>file:/C:/Users/adams_000/TREMPPI/javascript/properties/widget.js</file>
            <file>file:/C:/Users/adams_000/TREMPPI/javascript/witness/page.js</file>
            <file>file:/C:/Users/adams_000/TREMPPI/javascript/data/regulations/MIN_COST.json</file>
            <file>file:/C:/Users/adams_000/TREMPPI/javascript/data/correlations/MIN_COST.json</file>
            <file>file:/C:/Users/adams_000/TREMPPI/javascript/regulations.html</file>
            <file>file:/C:/Users/adams_000/TREMPPI/javascript/libs/cytoscape-2.4.8.js</file>
        </group>
    </open-files>
</project-private>
