{
   "setup" : {
      "date" : "Wed Jun  3 15:12:30 2015",
      "s_name" : "all",
      "select" : " WHERE (1)",
      "size" : 26
   },
   "values" : [
      {
         "data" : [
            {
               "name" : "0",
               "portion" : 0.50
            },
            {
               "name" : "1",
               "portion" : 0.50
            },
            {
               "name" : "null",
               "portion" : 0.0
            }
         ],
         "entries" : 3,
         "name" : "K<sub>A</sub>()"
      },
      {
         "data" : [
            {
               "name" : "0",
               "portion" : 0.7692307692307693
            },
            {
               "name" : "1",
               "portion" : 0.2307692307692308
            },
            {
               "name" : "null",
               "portion" : 0.0
            }
         ],
         "entries" : 3,
         "name" : "K<sub>B</sub>(00)"
      },
      {
         "data" : [
            {
               "name" : "0",
               "portion" : 0.3076923076923077
            },
            {
               "name" : "1",
               "portion" : 0.4615384615384616
            },
            {
               "name" : "2",
               "portion" : 0.2307692307692308
            },
            {
               "name" : "null",
               "portion" : 0.0
            }
         ],
         "entries" : 4,
         "name" : "K<sub>B</sub>(02)"
      },
      {
         "data" : [
            {
               "name" : "0",
               "portion" : 0.2307692307692308
            },
            {
               "name" : "1",
               "portion" : 0.4615384615384616
            },
            {
               "name" : "2",
               "portion" : 0.3076923076923077
            },
            {
               "name" : "null",
               "portion" : 0.0
            }
         ],
         "entries" : 4,
         "name" : "K<sub>B</sub>(10)"
      },
      {
         "data" : [
            {
               "name" : "1",
               "portion" : 0.2307692307692308
            },
            {
               "name" : "2",
               "portion" : 0.7692307692307693
            },
            {
               "name" : "null",
               "portion" : 0.0
            }
         ],
         "entries" : 3,
         "name" : "K<sub>B</sub>(12)"
      },
      {
         "data" : [
            {
               "name" : "0",
               "portion" : 0.50
            },
            {
               "name" : "1",
               "portion" : 0.50
            },
            {
               "name" : "null",
               "portion" : 0.0
            }
         ],
         "entries" : 3,
         "name" : "F<sub>A</sub>"
      },
      {
         "data" : [
            {
               "name" : "1&!A&B{01}|2&B{2}|2&A",
               "portion" : 0.07692307692307693
            },
            {
               "name" : "1&!A&B{2}|1&A&B{01}|2&A&B{2}",
               "portion" : 0.07692307692307693
            },
            {
               "name" : "1&!A&B{2}|2&A",
               "portion" : 0.07692307692307693
            },
            {
               "name" : "1&!A&B{2}|2&A&B{2}",
               "portion" : 0.07692307692307693
            },
            {
               "name" : "1&!A|1&B{01}|2&A&B{2}",
               "portion" : 0.07692307692307693
            },
            {
               "name" : "1&A&B{01}|2&A&B{2}",
               "portion" : 0.07692307692307693
            },
            {
               "name" : "1&A&B{01}|2&B{2}",
               "portion" : 0.07692307692307693
            },
            {
               "name" : "1&A&B{2}",
               "portion" : 0.07692307692307693
            },
            {
               "name" : "1&B{01}|2&A&B{2}",
               "portion" : 0.07692307692307693
            },
            {
               "name" : "1&B{2}|1&A",
               "portion" : 0.07692307692307693
            },
            {
               "name" : "1&B{2}|2&A&B{01}",
               "portion" : 0.07692307692307693
            },
            {
               "name" : "2&A&B{2}",
               "portion" : 0.07692307692307693
            },
            {
               "name" : "2&B{2}|2&A",
               "portion" : 0.07692307692307693
            },
            {
               "name" : "null",
               "portion" : 0.0
            }
         ],
         "entries" : 14,
         "name" : "F<sub>B</sub>"
      },
      {
         "data" : [
            {
               "name" : "+",
               "portion" : 1.0
            },
            {
               "name" : "null",
               "portion" : 0.0
            }
         ],
         "entries" : 2,
         "name" : "Label(A,1,B)"
      },
      {
         "data" : [
            {
               "name" : "+",
               "portion" : 0.8461538461538461
            },
            {
               "name" : "1",
               "portion" : 0.1538461538461539
            },
            {
               "name" : "null",
               "portion" : 0.0
            }
         ],
         "entries" : 3,
         "name" : "Label(B,2,B)"
      }
   ]
}

