{
   "elements" : {
      "edges" : [
         {
            "data" : {
               "Frequency" : 0.3333333333333333,
               "Pearson" : 0.3333333333333333,
               "Sign" : "+",
               "Threshold" : 1,
               "WeightedFrequency" : 0.3333333333333333,
               "source" : "B",
               "target" : "A"
            }
         },
         {
            "data" : {
               "Frequency" : 1.0,
               "Pearson" : -0.6511410370370374,
               "Sign" : "-",
               "Threshold" : 1,
               "WeightedFrequency" : 0.56250,
               "source" : "A",
               "target" : "B"
            }
         },
         {
            "data" : {
               "Frequency" : 0.8888888888888888,
               "Pearson" : 0.0,
               "Sign" : "1",
               "Threshold" : 2,
               "WeightedFrequency" : 0.50,
               "source" : "B",
               "target" : "B"
            }
         }
      ],
      "nodes" : [
         {
            "data" : {
               "id" : "A",
               "name" : "A"
            }
         },
         {
            "data" : {
               "id" : "B",
               "name" : "B"
            }
         }
      ]
   },
   "setup" : {
      "date" : "Wed Sep 30 16:50:18 2015",
      "s_name" : "ALL",
      "select" : " WHERE (1)",
      "size" : 81
   }
}

