{
	"nodes": [
		{
			"data": {
				"MaxActivity": 1,
				"Name": "A",
				"id": "n0",
				"Label": "A:1"
			},
			"position": {
				"x": 81.45306187120622,
				"y": -11.18459954052384
			},
			"group": "nodes",
			"removed": false,
			"selected": false,
			"selectable": true,
			"locked": false,
			"grabbed": false,
			"grabbable": true,
			"classes": ""
		},
		{
			"data": {
				"MaxActivity": 2,
				"Name": "B",
				"id": "n1",
				"Label": "B:2",
				"Constraint": ""
			},
			"position": {
				"x": -83.84131918156196,
				"y": -13.437533876727718
			},
			"group": "nodes",
			"removed": false,
			"selected": false,
			"selectable": true,
			"locked": false,
			"grabbed": false,
			"grabbable": true,
			"classes": ""
		},
		{
			"data": {
				"Name": "New",
				"MaxActivity": 1,
				"Label": "New:1",
				"id": "n2"
			},
			"position": {
				"x": -74.76381863068075,
				"y": -121.29279878962325
			},
			"group": "nodes",
			"removed": false,
			"selected": false,
			"selectable": true,
			"locked": false,
			"grabbed": false,
			"grabbable": true,
			"classes": ""
		}
	],
	"edges": [
		{
			"data": {
				"Label": "Inhibiting Only",
				"Threshold": 1,
				"source": "n0",
				"target": "n1",
				"line_style": "solid",
				"line_color": "red",
				"target_arrow_shape": "tee",
				"id": "e0"
			},
			"position": {},
			"group": "edges",
			"removed": false,
			"selected": false,
			"selectable": true,
			"locked": false,
			"grabbed": false,
			"grabbable": true,
			"classes": ""
		},
		{
			"data": {
				"Label": "Free",
				"Threshold": 2,
				"source": "n1",
				"target": "n1",
				"line_style": "dashed",
				"line_color": "black",
				"target_arrow_shape": "circle",
				"id": "e1"
			},
			"position": {},
			"group": "edges",
			"removed": false,
			"selected": false,
			"selectable": true,
			"locked": false,
			"grabbed": false,
			"grabbable": true,
			"classes": ""
		},
		{
			"data": {
				"source": "n1",
				"target": "n0",
				"Threshold": 1,
				"Label": "Not Inhibiting",
				"line_style": "dashed",
				"line_color": "green",
				"target_arrow_shape": "circle",
				"id": "e2"
			},
			"position": {},
			"group": "edges",
			"removed": false,
			"selected": false,
			"selectable": true,
			"locked": false,
			"grabbed": false,
			"grabbable": true,
			"classes": ""
		},
		{
			"data": {
				"source": "n2",
				"target": "n1",
				"Threshold": 1,
				"Label": "Free",
				"line_style": "dashed",
				"line_color": "black",
				"target_arrow_shape": "circle",
				"id": "e3"
			},
			"position": {},
			"group": "edges",
			"removed": false,
			"selected": false,
			"selectable": true,
			"locked": false,
			"grabbed": false,
			"grabbable": true,
			"classes": ""
		},
		{
			"data": {
				"source": "n2",
				"target": "n0",
				"Threshold": 1,
				"Label": "Free",
				"line_style": "dashed",
				"line_color": "black",
				"target_arrow_shape": "circle",
				"id": "e4"
			},
			"position": {},
			"group": "edges",
			"removed": false,
			"selected": false,
			"selectable": true,
			"locked": false,
			"grabbed": false,
			"grabbable": true,
			"classes": ""
		},
		{
			"data": {
				"source": "n1",
				"target": "n2",
				"Threshold": 1,
				"Label": "Free",
				"line_style": "dashed",
				"line_color": "black",
				"target_arrow_shape": "circle",
				"id": "e5"
			},
			"position": {},
			"group": "edges",
			"removed": false,
			"selected": false,
			"selectable": true,
			"locked": false,
			"grabbed": false,
			"grabbable": true,
			"classes": ""
		}
	]
}