{
	"nodes": [
		{
			"data": {
				"MaxActivity": 1,
				"Name": "A",
				"id": "n0",
				"Label": "A:1"
			},
			"position": {
				"x": 81.45306187120622,
				"y": -11.18459954052384
			},
			"group": "nodes",
			"removed": false,
			"selected": false,
			"selectable": true,
			"locked": false,
			"grabbed": false,
			"grabbable": true,
			"classes": ""
		},
		{
			"data": {
				"MaxActivity": 2,
				"Name": "B",
				"id": "n1",
				"Label": "B:2"
			},
			"position": {
				"x": -83.84131918156196,
				"y": -13.437533876727718
			},
			"group": "nodes",
			"removed": false,
			"selected": false,
			"selectable": true,
			"locked": false,
			"grabbed": false,
			"grabbable": true,
			"classes": ""
		}
	],
	"edges": [
		{
			"data": {
				"Label": "Activating Only",
				"Threshold": 1,
				"source": "n0",
				"target": "n1",
				"line_style": "solid",
				"line_color": "green",
				"target_arrow_shape": "triangle",
				"id": "e0"
			},
			"position": {},
			"group": "edges",
			"removed": false,
			"selected": false,
			"selectable": true,
			"locked": false,
			"grabbed": false,
			"grabbable": true,
			"classes": ""
		},
		{
			"data": {
				"Label": "Activating",
				"Threshold": 2,
				"source": "n1",
				"target": "n1",
				"line_style": "solid",
				"line_color": "black",
				"target_arrow_shape": "triangle",
				"id": "e1"
			},
			"position": {},
			"group": "edges",
			"removed": false,
			"selected": false,
			"selectable": true,
			"locked": false,
			"grabbed": false,
			"grabbable": true,
			"classes": ""
		}
	]
}