{
	"records": [
		{
			"E_A": "",
			"E_B": "",
			"ending": "any",
			"name": "test_ts",
			"records": [
				{
					"V_B": "[0,1)"
				},
				{
					"V_B": "(1,2]"
				}
			],
			"select": true,
			"recid": 0
		},
		{
			"E_A": "",
			"E_B": "",
			"ending": "goto A",
			"name": "test_cycle",
			"records": [
				{
					"V_B": "[0,1)"
				},
				{
					"V_B": "[1,1]"
				}
			],
			"select": true,
			"recid": 1
		},
		{
			"name": "unnamed property",
			"records": [
				{
					"recid": 0,
					"id": "A"
				}
			],
			"recid": 2
		}
	]
}