{
   "records" : [
      {
         "count" : 13,
         "max" : 1.0,
         "mean" : 0.040,
         "min" : 0.0,
         "name" : "K<sub>A</sub>()"
      },
      {
         "count" : 6,
         "max" : 1.0,
         "mean" : 0.03999772416932180,
         "min" : 0.0,
         "name" : "K<sub>B</sub>(00)"
      },
      {
         "count" : 18,
         "max" : 2.0,
         "mean" : 0.07840691515864801,
         "min" : 0.0,
         "name" : "K<sub>B</sub>(02)"
      },
      {
         "count" : 20,
         "max" : 2.0,
         "mean" : 0.07846372999279130,
         "min" : 0.0,
         "name" : "K<sub>B</sub>(10)"
      },
      {
         "count" : 26,
         "max" : 2.0,
         "mean" : 0.07999999999980874,
         "min" : 1.0,
         "name" : "K<sub>B</sub>(12)"
      }
   ],
   "setup" : {
      "date" : "Mon Jul  6 11:03:19 2015",
      "s_name" : "all",
      "select" : " WHERE (1)",
      "size" : 26
   }
}

