<?xml version="1.0" encoding="UTF-8"?>
<project-private xmlns="http://www.netbeans.org/ns/project-private/1">
    <editor-bookmarks xmlns="http://www.netbeans.org/ns/editor-bookmarks/2" lastBookmarkId="0"/>
    <open-files xmlns="http://www.netbeans.org/ns/projectui-open-files/2">
        <group>
            <file>file:/C:/Users/adams_000/TREMPPI/javascript/occurence.json</file>
            <file>file:/C:/Users/adams_000/TREMPPI/javascript/common/common.js</file>
            <file>file:/C:/Users/adams_000/TREMPPI/javascript/occurence/page.js</file>
            <file>file:/C:/Users/adams_000/TREMPPI/javascript/common/tremppi.js</file>
            <file>file:/C:/Users/adams_000/TREMPPI/javascript/select.json</file>
            <file>file:/C:/Users/adams_000/TREMPPI/javascript/libs/w2ui-1.4.2.js</file>
            <file>file:/C:/Users/adams_000/TREMPPI/javascript/occurence/widget.js</file>
        </group>
    </open-files>
</project-private>
