{
   "elements" : {
      "edges" : [
         {
            "data" : {
               "Frequency" : 0.2777777777777778,
               "Step" : "1",
               "id" : "0",
               "source" : "00A",
               "target" : "01A"
            }
         },
         {
            "data" : {
               "Frequency" : 0.07407407407407407,
               "Step" : "1",
               "id" : "1",
               "source" : "00A",
               "target" : "01B"
            }
         },
         {
            "data" : {
               "Frequency" : 0.2777777777777778,
               "Step" : "2",
               "id" : "2",
               "source" : "01A",
               "target" : "02A"
            }
         },
         {
            "data" : {
               "Frequency" : 0.07407407407407407,
               "Step" : "2",
               "id" : "3",
               "source" : "01B",
               "target" : "11B"
            }
         },
         {
            "data" : {
               "Frequency" : 0.05555555555555555,
               "Step" : "1",
               "id" : "4",
               "source" : "10A",
               "target" : "11A"
            }
         },
         {
            "data" : {
               "Frequency" : 0.07407407407407407,
               "Step" : "4",
               "id" : "5",
               "source" : "10A",
               "target" : "00A"
            }
         },
         {
            "data" : {
               "Frequency" : 0.05555555555555555,
               "Step" : "2",
               "id" : "6",
               "source" : "11A",
               "target" : "12A"
            }
         },
         {
            "data" : {
               "Frequency" : 0.07407407407407407,
               "Step" : "3",
               "id" : "7",
               "source" : "11B",
               "target" : "10A"
            }
         }
      ],
      "nodes" : [
         {
            "data" : {
               "Name" : "00",
               "id" : "00A"
            }
         },
         {
            "data" : {
               "Name" : "01",
               "id" : "01A"
            }
         },
         {
            "data" : {
               "Name" : "01",
               "id" : "01B"
            }
         },
         {
            "data" : {
               "Name" : "02",
               "id" : "02A"
            }
         },
         {
            "data" : {
               "Name" : "10",
               "id" : "10A"
            }
         },
         {
            "data" : {
               "Name" : "11",
               "id" : "11A"
            }
         },
         {
            "data" : {
               "Name" : "11",
               "id" : "11B"
            }
         },
         {
            "data" : {
               "Name" : "12",
               "id" : "12A"
            }
         }
      ]
   },
   "setup" : {
      "date" : "Wed Sep 30 16:50:18 2015",
      "properties" : "test_ts,test_cycle,",
      "s_name" : "ALL",
      "select" : " WHERE (1)",
      "size" : 81
   }
}

