{
   "elements" : {
      "edges" : [
         {
            "data" : {
               "Frequency" : 0.50,
               "Step" : "1",
               "id" : "0",
               "source" : "00A",
               "target" : "01A"
            }
         },
         {
            "data" : {
               "Frequency" : 0.50,
               "Step" : "1",
               "id" : "1",
               "source" : "00A",
               "target" : "01B"
            }
         },
         {
            "data" : {
               "Frequency" : 0.50,
               "Step" : "2",
               "id" : "2",
               "source" : "01A",
               "target" : "02A"
            }
         },
         {
            "data" : {
               "Frequency" : 0.50,
               "Step" : "2",
               "id" : "3",
               "source" : "01B",
               "target" : "11B"
            }
         },
         {
            "data" : {
               "Frequency" : 0.50,
               "Step" : "4",
               "id" : "4",
               "source" : "10A",
               "target" : "00A"
            }
         },
         {
            "data" : {
               "Frequency" : 0.50,
               "Step" : "3",
               "id" : "5",
               "source" : "11B",
               "target" : "10A"
            }
         }
      ],
      "nodes" : [
         {
            "data" : {
               "Name" : "00",
               "id" : "00A"
            }
         },
         {
            "data" : {
               "Name" : "01",
               "id" : "01A"
            }
         },
         {
            "data" : {
               "Name" : "01",
               "id" : "01B"
            }
         },
         {
            "data" : {
               "Name" : "02",
               "id" : "02A"
            }
         },
         {
            "data" : {
               "Name" : "10",
               "id" : "10A"
            }
         },
         {
            "data" : {
               "Name" : "11",
               "id" : "11B"
            }
         }
      ]
   },
   "setup" : {
      "date" : "Wed Sep 30 17:01:36 2015",
      "properties" : "test_ts,test_cycle,",
      "s_name" : "MIN_COST",
      "select" : " WHERE (C_test_ts = 3 AND C_test_cycle = 5)",
      "size" : 6
   }
}

