{
   "elements" : {
      "edges" : [
         {
            "data" : {
               "ExpectedFreq" : 0.8888888888888888,
               "Frequency" : 1.0,
               "Pearson" : 0.6151932857938084,
               "Sign" : "+",
               "Threshold" : 1,
               "source" : "A",
               "target" : "B"
            }
         },
         {
            "data" : {
               "ExpectedFreq" : 0.5,
               "Frequency" : 0.5,
               "Pearson" : -0.002,
               "Sign" : "1",
               "Threshold" : 2,
               "source" : "B",
               "target" : "B"
            }
         }
      ],
      "nodes" : [
         {
            "data" : {
               "id" : "A",
               "name" : "A"
            }
         },
         {
            "data" : {
               "id" : "B",
               "name" : "B"
            }
         }
      ]
   },
   "setup" : {
      "date" : "Fri Jun  5 12:16:09 2015",
      "s_name" : "all_test",
      "select" : " WHERE test",
      "size" : 20
   }
}

