{
   "records" : [
      {
         "count" : 87690,
         "max" : 2.225073858507201e-308,
         "mean" : 0.0,
         "min" : 0.0,
         "name" : "K<sub>AKT</sub>(00)",
         "portion" : 1.0
      },
      {
         "count" : 87690,
         "max" : 1.0,
         "mean" : 1.0,
         "min" : 1.0,
         "name" : "K<sub>AKT</sub>(01)",
         "portion" : 1.0
      },
      {
         "count" : 87690,
         "max" : 2.225073858507201e-308,
         "mean" : 0.0,
         "min" : 0.0,
         "name" : "K<sub>AKT</sub>(10)",
         "portion" : 1.0
      },
      {
         "count" : 87690,
         "max" : 2.225073858507201e-308,
         "mean" : 0.0,
         "min" : 0.0,
         "name" : "K<sub>AKT</sub>(11)",
         "portion" : 1.0
      },
      {
         "count" : 87690,
         "max" : 2.225073858507201e-308,
         "mean" : 0.0,
         "min" : 0.0,
         "name" : "K<sub>AZD</sub>(0)",
         "portion" : 1.0
      },
      {
         "count" : 87690,
         "max" : 1.0,
         "mean" : 1.0,
         "min" : 1.0,
         "name" : "K<sub>AZD</sub>(1)",
         "portion" : 1.0
      },
      {
         "count" : 87690,
         "max" : 1.0,
         "mean" : 0.1891891891891892,
         "min" : 0.0,
         "name" : "K<sub>EGFR</sub>(00)",
         "portion" : 1.0
      },
      {
         "count" : 87690,
         "max" : 1.0,
         "mean" : 1.0,
         "min" : 1.0,
         "name" : "K<sub>EGFR</sub>(01)",
         "portion" : 1.0
      },
      {
         "count" : 87690,
         "max" : 2.225073858507201e-308,
         "mean" : 0.0,
         "min" : 0.0,
         "name" : "K<sub>EGFR</sub>(10)",
         "portion" : 1.0
      },
      {
         "count" : 87690,
         "max" : 1.0,
         "mean" : 0.5945945945945946,
         "min" : 0.0,
         "name" : "K<sub>EGFR</sub>(11)",
         "portion" : 1.0
      },
      {
         "count" : 87690,
         "max" : 2.225073858507201e-308,
         "mean" : 0.0,
         "min" : 0.0,
         "name" : "K<sub>ERK</sub>(00)",
         "portion" : 1.0
      },
      {
         "count" : 87690,
         "max" : 1.0,
         "mean" : 1.0,
         "min" : 1.0,
         "name" : "K<sub>ERK</sub>(01)",
         "portion" : 1.0
      },
      {
         "count" : 87690,
         "max" : 2.225073858507201e-308,
         "mean" : 0.0,
         "min" : 0.0,
         "name" : "K<sub>ERK</sub>(10)",
         "portion" : 1.0
      },
      {
         "count" : 87690,
         "max" : 2.225073858507201e-308,
         "mean" : 0.0,
         "min" : 0.0,
         "name" : "K<sub>ERK</sub>(11)",
         "portion" : 1.0
      },
      {
         "count" : 87690,
         "max" : 1.0,
         "mean" : 0.2151898734177215,
         "min" : 0.0,
         "name" : "K<sub>GSK3</sub>(00)",
         "portion" : 1.0
      },
      {
         "count" : 87690,
         "max" : 1.0,
         "mean" : 0.6455696202531646,
         "min" : 0.0,
         "name" : "K<sub>GSK3</sub>(01)",
         "portion" : 1.0
      },
      {
         "count" : 87690,
         "max" : 1.0,
         "mean" : 0.6075949367088608,
         "min" : 0.0,
         "name" : "K<sub>GSK3</sub>(10)",
         "portion" : 1.0
      },
      {
         "count" : 87690,
         "max" : 1.0,
         "mean" : 1.0,
         "min" : 1.0,
         "name" : "K<sub>GSK3</sub>(11)",
         "portion" : 1.0
      },
      {
         "count" : 87690,
         "max" : 2.225073858507201e-308,
         "mean" : 0.0,
         "min" : 0.0,
         "name" : "K<sub>IGFIR</sub>(0)",
         "portion" : 1.0
      },
      {
         "count" : 87690,
         "max" : 1.0,
         "mean" : 1.0,
         "min" : 1.0,
         "name" : "K<sub>IGFIR</sub>(1)",
         "portion" : 1.0
      },
      {
         "count" : 87690,
         "max" : 1.0,
         "mean" : 0.7645569620253164,
         "min" : 0.0,
         "name" : "K<sub>IRS1</sub>(000)",
         "portion" : 1.0
      },
      {
         "count" : 87690,
         "max" : 1.0,
         "mean" : 0.3392405063291139,
         "min" : 0.0,
         "name" : "K<sub>IRS1</sub>(001)",
         "portion" : 1.0
      },
      {
         "count" : 87690,
         "max" : 1.0,
         "mean" : 1.0,
         "min" : 1.0,
         "name" : "K<sub>IRS1</sub>(010)",
         "portion" : 1.0
      },
      {
         "count" : 87690,
         "max" : 1.0,
         "mean" : 0.7645569620253164,
         "min" : 0.0,
         "name" : "K<sub>IRS1</sub>(011)",
         "portion" : 1.0
      },
      {
         "count" : 87690,
         "max" : 1.0,
         "mean" : 0.3797468354430380,
         "min" : 0.0,
         "name" : "K<sub>IRS1</sub>(100)",
         "portion" : 1.0
      },
      {
         "count" : 87690,
         "max" : 1.0,
         "mean" : 0.06329113924050633,
         "min" : 0.0,
         "name" : "K<sub>IRS1</sub>(101)",
         "portion" : 1.0
      },
      {
         "count" : 87690,
         "max" : 1.0,
         "mean" : 0.8860759493670886,
         "min" : 0.0,
         "name" : "K<sub>IRS1</sub>(110)",
         "portion" : 1.0
      },
      {
         "count" : 87690,
         "max" : 1.0,
         "mean" : 0.3797468354430380,
         "min" : 0.0,
         "name" : "K<sub>IRS1</sub>(111)",
         "portion" : 1.0
      },
      {
         "count" : 87690,
         "max" : 2.225073858507201e-308,
         "mean" : 0.0,
         "min" : 0.0,
         "name" : "K<sub>LY</sub>(0)",
         "portion" : 1.0
      },
      {
         "count" : 87690,
         "max" : 1.0,
         "mean" : 1.0,
         "min" : 1.0,
         "name" : "K<sub>LY</sub>(1)",
         "portion" : 1.0
      },
      {
         "count" : 87690,
         "max" : 2.225073858507201e-308,
         "mean" : 0.0,
         "min" : 0.0,
         "name" : "K<sub>MEK</sub>(0)",
         "portion" : 1.0
      },
      {
         "count" : 87690,
         "max" : 1.0,
         "mean" : 1.0,
         "min" : 1.0,
         "name" : "K<sub>MEK</sub>(1)",
         "portion" : 1.0
      },
      {
         "count" : 87690,
         "max" : 1.0,
         "mean" : 0.1666666666666667,
         "min" : 0.0,
         "name" : "K<sub>PI3K</sub>(00)",
         "portion" : 1.0
      },
      {
         "count" : 87690,
         "max" : 1.0,
         "mean" : 0.50,
         "min" : 0.0,
         "name" : "K<sub>PI3K</sub>(01)",
         "portion" : 1.0
      },
      {
         "count" : 87690,
         "max" : 1.0,
         "mean" : 0.50,
         "min" : 0.0,
         "name" : "K<sub>PI3K</sub>(10)",
         "portion" : 1.0
      },
      {
         "count" : 87690,
         "max" : 1.0,
         "mean" : 0.8333333333333334,
         "min" : 0.0,
         "name" : "K<sub>PI3K</sub>(11)",
         "portion" : 1.0
      },
      {
         "count" : 87690,
         "max" : 1.0,
         "mean" : 0.08108108108108109,
         "min" : 0.0,
         "name" : "K<sub>RAF</sub>(000)",
         "portion" : 1.0
      },
      {
         "count" : 87690,
         "max" : 1.0,
         "mean" : 0.5945945945945946,
         "min" : 0.0,
         "name" : "K<sub>RAF</sub>(001)",
         "portion" : 1.0
      },
      {
         "count" : 87690,
         "max" : 1.0,
         "mean" : 0.08108108108108109,
         "min" : 0.0,
         "name" : "K<sub>RAF</sub>(010)",
         "portion" : 1.0
      },
      {
         "count" : 87690,
         "max" : 1.0,
         "mean" : 0.2702702702702703,
         "min" : 0.0,
         "name" : "K<sub>RAF</sub>(011)",
         "portion" : 1.0
      },
      {
         "count" : 87690,
         "max" : 1.0,
         "mean" : 0.5135135135135135,
         "min" : 0.0,
         "name" : "K<sub>RAF</sub>(100)",
         "portion" : 1.0
      },
      {
         "count" : 87690,
         "max" : 1.0,
         "mean" : 0.9189189189189190,
         "min" : 0.0,
         "name" : "K<sub>RAF</sub>(101)",
         "portion" : 1.0
      },
      {
         "count" : 87690,
         "max" : 1.0,
         "mean" : 0.2432432432432433,
         "min" : 0.0,
         "name" : "K<sub>RAF</sub>(110)",
         "portion" : 1.0
      },
      {
         "count" : 87690,
         "max" : 1.0,
         "mean" : 0.6486486486486487,
         "min" : 0.0,
         "name" : "K<sub>RAF</sub>(111)",
         "portion" : 1.0
      },
      {
         "count" : 87690,
         "max" : 2.225073858507201e-308,
         "mean" : 0.0,
         "min" : 0.0,
         "name" : "K<sub>TGFa</sub>(0)",
         "portion" : 1.0
      },
      {
         "count" : 87690,
         "max" : 1.0,
         "mean" : 1.0,
         "min" : 1.0,
         "name" : "K<sub>TGFa</sub>(1)",
         "portion" : 1.0
      },
      {
         "count" : 87690,
         "max" : 1.0,
         "mean" : 0.2151898734177215,
         "min" : 0.0,
         "name" : "K<sub>p70S6K</sub>(00)",
         "portion" : 1.0
      },
      {
         "count" : 87690,
         "max" : 1.0,
         "mean" : 0.6455696202531646,
         "min" : 0.0,
         "name" : "K<sub>p70S6K</sub>(01)",
         "portion" : 1.0
      },
      {
         "count" : 87690,
         "max" : 1.0,
         "mean" : 0.6075949367088608,
         "min" : 0.0,
         "name" : "K<sub>p70S6K</sub>(10)",
         "portion" : 1.0
      },
      {
         "count" : 87690,
         "max" : 1.0,
         "mean" : 1.0,
         "min" : 1.0,
         "name" : "K<sub>p70S6K</sub>(11)",
         "portion" : 1.0
      },
      {
         "count" : 87690,
         "max" : 4.0,
         "mean" : 4.0,
         "min" : 4.0,
         "name" : "C<sub>LIM1215</sub>(IGF1_m)",
         "portion" : 1.0
      },
      {
         "count" : 87690,
         "max" : 6.0,
         "mean" : 6.0,
         "min" : 6.0,
         "name" : "C<sub>LIM1215</sub>(TGF_m)",
         "portion" : 1.0
      },
      {
         "count" : 87690,
         "max" : 3.0,
         "mean" : 3.0,
         "min" : 3.0,
         "name" : "C<sub>LIM1215</sub>(AZD_m)",
         "portion" : 1.0
      },
      {
         "count" : 87690,
         "max" : 6.0,
         "mean" : 6.0,
         "min" : 6.0,
         "name" : "C<sub>LIM1215</sub>(IGF1_AZD_m)",
         "portion" : 1.0
      },
      {
         "count" : 0,
         "max" : 2.225073858507201e-308,
         "mean" : 0.0,
         "min" : 1.797693134862316e+308,
         "name" : "C<sub>LIM1215</sub>(TGF_AZD_m)",
         "portion" : 0.0
      },
      {
         "count" : 87690,
         "max" : 2.0,
         "mean" : 2.0,
         "min" : 2.0,
         "name" : "C<sub>LIM1215</sub>(LY_m)",
         "portion" : 1.0
      },
      {
         "count" : 0,
         "max" : 2.225073858507201e-308,
         "mean" : 0.0,
         "min" : 1.797693134862316e+308,
         "name" : "C<sub>LIM1215</sub>(IGF1_LY_m)",
         "portion" : 0.0
      },
      {
         "count" : 87690,
         "max" : 5.0,
         "mean" : 5.0,
         "min" : 5.0,
         "name" : "C<sub>LIM1215</sub>(TGF_LY_m)",
         "portion" : 1.0
      },
      {
         "count" : 87690,
         "max" : 4.0,
         "mean" : 4.0,
         "min" : 4.0,
         "name" : "C<sub>HCT116</sub>(IGF1_m)",
         "portion" : 1.0
      },
      {
         "count" : 87690,
         "max" : 3.0,
         "mean" : 3.0,
         "min" : 3.0,
         "name" : "C<sub>HCT116</sub>(TGF_m)",
         "portion" : 1.0
      },
      {
         "count" : 68820,
         "max" : 4.0,
         "mean" : 4.0,
         "min" : 4.0,
         "name" : "C<sub>HCT116</sub>(AZD_m)",
         "portion" : 0.7848101265822784
      },
      {
         "count" : 87690,
         "max" : 6.0,
         "mean" : 6.0,
         "min" : 6.0,
         "name" : "C<sub>HCT116</sub>(IGF1_AZD_m)",
         "portion" : 1.0
      },
      {
         "count" : 87690,
         "max" : 5.0,
         "mean" : 5.0,
         "min" : 5.0,
         "name" : "C<sub>HCT116</sub>(TGF_AZD_m)",
         "portion" : 1.0
      },
      {
         "count" : 87690,
         "max" : 2.0,
         "mean" : 2.0,
         "min" : 2.0,
         "name" : "C<sub>HCT116</sub>(LY_m)",
         "portion" : 1.0
      },
      {
         "count" : 0,
         "max" : 2.225073858507201e-308,
         "mean" : 0.0,
         "min" : 1.797693134862316e+308,
         "name" : "C<sub>HCT116</sub>(IGF1_LY_m)",
         "portion" : 0.0
      },
      {
         "count" : 87690,
         "max" : 6.0,
         "mean" : 6.0,
         "min" : 6.0,
         "name" : "C<sub>HCT116</sub>(TGF_LY_m)",
         "portion" : 1.0
      },
      {
         "count" : 87690,
         "max" : 5.0,
         "mean" : 5.0,
         "min" : 5.0,
         "name" : "C<sub>SW403</sub>(IGF1_m)",
         "portion" : 1.0
      },
      {
         "count" : 87690,
         "max" : 5.0,
         "mean" : 5.0,
         "min" : 5.0,
         "name" : "C<sub>SW403</sub>(TGF_m)",
         "portion" : 1.0
      },
      {
         "count" : 87690,
         "max" : 2.0,
         "mean" : 2.0,
         "min" : 2.0,
         "name" : "C<sub>SW403</sub>(AZD_m)",
         "portion" : 1.0
      },
      {
         "count" : 87690,
         "max" : 6.0,
         "mean" : 6.0,
         "min" : 6.0,
         "name" : "C<sub>SW403</sub>(IGF1_AZD_m)",
         "portion" : 1.0
      },
      {
         "count" : 87690,
         "max" : 4.0,
         "mean" : 4.0,
         "min" : 4.0,
         "name" : "C<sub>SW403</sub>(TGF_AZD_m)",
         "portion" : 1.0
      },
      {
         "count" : 87690,
         "max" : 2.0,
         "mean" : 2.0,
         "min" : 2.0,
         "name" : "C<sub>SW403</sub>(LY_m)",
         "portion" : 1.0
      },
      {
         "count" : 0,
         "max" : 2.225073858507201e-308,
         "mean" : 0.0,
         "min" : 1.797693134862316e+308,
         "name" : "C<sub>SW403</sub>(IGF1_LY_m)",
         "portion" : 0.0
      },
      {
         "count" : 87690,
         "max" : 5.0,
         "mean" : 5.0,
         "min" : 5.0,
         "name" : "C<sub>SW403</sub>(TGF_LY_m)",
         "portion" : 1.0
      },
      {
         "count" : 87690,
         "max" : 4.0,
         "mean" : 4.0,
         "min" : 4.0,
         "name" : "C<sub>SW480</sub>(IGF1_m)",
         "portion" : 1.0
      },
      {
         "count" : 87690,
         "max" : 7.0,
         "mean" : 7.0,
         "min" : 7.0,
         "name" : "C<sub>SW480</sub>(TGF_m)",
         "portion" : 1.0
      },
      {
         "count" : 68820,
         "max" : 2.0,
         "mean" : 2.0,
         "min" : 2.0,
         "name" : "C<sub>SW480</sub>(AZD_m)",
         "portion" : 0.7848101265822784
      },
      {
         "count" : 87690,
         "max" : 3.0,
         "mean" : 3.0,
         "min" : 3.0,
         "name" : "C<sub>SW480</sub>(IGF1_AZD_m)",
         "portion" : 1.0
      },
      {
         "count" : 87690,
         "max" : 5.0,
         "mean" : 5.0,
         "min" : 5.0,
         "name" : "C<sub>SW480</sub>(TGF_AZD_m)",
         "portion" : 1.0
      },
      {
         "count" : 87690,
         "max" : 2.0,
         "mean" : 2.0,
         "min" : 2.0,
         "name" : "C<sub>SW480</sub>(LY_m)",
         "portion" : 1.0
      },
      {
         "count" : 0,
         "max" : 2.225073858507201e-308,
         "mean" : 0.0,
         "min" : 1.797693134862316e+308,
         "name" : "C<sub>SW480</sub>(IGF1_LY_m)",
         "portion" : 0.0
      },
      {
         "count" : 87690,
         "max" : 6.0,
         "mean" : 6.0,
         "min" : 6.0,
         "name" : "C<sub>SW480</sub>(TGF_LY_m)",
         "portion" : 1.0
      },
      {
         "count" : 87690,
         "max" : 3.0,
         "mean" : 3.0,
         "min" : 3.0,
         "name" : "C<sub>HT29</sub>(IGF1_m)",
         "portion" : 1.0
      },
      {
         "count" : 87690,
         "max" : 7.0,
         "mean" : 7.0,
         "min" : 7.0,
         "name" : "C<sub>HT29</sub>(TGF_m)",
         "portion" : 1.0
      },
      {
         "count" : 87690,
         "max" : 2.0,
         "mean" : 2.0,
         "min" : 2.0,
         "name" : "C<sub>HT29</sub>(AZD_m)",
         "portion" : 1.0
      },
      {
         "count" : 87690,
         "max" : 5.0,
         "mean" : 5.0,
         "min" : 5.0,
         "name" : "C<sub>HT29</sub>(IGF1_AZD_m)",
         "portion" : 1.0
      },
      {
         "count" : 0,
         "max" : 2.225073858507201e-308,
         "mean" : 0.0,
         "min" : 1.797693134862316e+308,
         "name" : "C<sub>HT29</sub>(TGF_AZD_m)",
         "portion" : 0.0
      },
      {
         "count" : 87690,
         "max" : 2.0,
         "mean" : 2.0,
         "min" : 2.0,
         "name" : "C<sub>HT29</sub>(LY_m)",
         "portion" : 1.0
      },
      {
         "count" : 87690,
         "max" : 1.0,
         "mean" : 1.0,
         "min" : 1.0,
         "name" : "C<sub>HT29</sub>(IGF1_LY_m)",
         "portion" : 1.0
      },
      {
         "count" : 87690,
         "max" : 6.0,
         "mean" : 6.0,
         "min" : 6.0,
         "name" : "C<sub>HT29</sub>(TGF_LY_m)",
         "portion" : 1.0
      },
      {
         "count" : 87690,
         "max" : 4.0,
         "mean" : 4.0,
         "min" : 4.0,
         "name" : "C<sub>LIM1215</sub>(IGF1)",
         "portion" : 1.0
      },
      {
         "count" : 17836,
         "max" : 4.0,
         "mean" : 4.0,
         "min" : 4.0,
         "name" : "C<sub>LIM1215</sub>(IGF1_s)",
         "portion" : 0.2033983350439047
      },
      {
         "count" : 17836,
         "max" : 4.0,
         "mean" : 4.0,
         "min" : 4.0,
         "name" : "C<sub>LIM1215</sub>(IGF1_ms)",
         "portion" : 0.2033983350439047
      },
      {
         "count" : 87690,
         "max" : 6.0,
         "mean" : 6.0,
         "min" : 6.0,
         "name" : "C<sub>LIM1215</sub>(TGF)",
         "portion" : 1.0
      },
      {
         "count" : 6320,
         "max" : 6.0,
         "mean" : 6.0,
         "min" : 6.0,
         "name" : "C<sub>LIM1215</sub>(TGF_s)",
         "portion" : 0.07207207207207207
      },
      {
         "count" : 6320,
         "max" : 6.0,
         "mean" : 6.0,
         "min" : 6.0,
         "name" : "C<sub>LIM1215</sub>(TGF_ms)",
         "portion" : 0.07207207207207207
      },
      {
         "count" : 87690,
         "max" : 3.0,
         "mean" : 3.0,
         "min" : 3.0,
         "name" : "C<sub>LIM1215</sub>(AZD)",
         "portion" : 1.0
      },
      {
         "count" : 20145,
         "max" : 3.0,
         "mean" : 3.0,
         "min" : 3.0,
         "name" : "C<sub>LIM1215</sub>(AZD_s)",
         "portion" : 0.2297297297297297
      },
      {
         "count" : 20145,
         "max" : 3.0,
         "mean" : 3.0,
         "min" : 3.0,
         "name" : "C<sub>LIM1215</sub>(AZD_ms)",
         "portion" : 0.2297297297297297
      },
      {
         "count" : 87690,
         "max" : 6.0,
         "mean" : 6.0,
         "min" : 6.0,
         "name" : "C<sub>LIM1215</sub>(IGF1_AZD)",
         "portion" : 1.0
      },
      {
         "count" : 5986,
         "max" : 6.0,
         "mean" : 6.0,
         "min" : 6.0,
         "name" : "C<sub>LIM1215</sub>(IGF1_AZD_s)",
         "portion" : 0.06826319990876953
      },
      {
         "count" : 5986,
         "max" : 6.0,
         "mean" : 6.0,
         "min" : 6.0,
         "name" : "C<sub>LIM1215</sub>(IGF1_AZD_ms)",
         "portion" : 0.06826319990876953
      },
      {
         "count" : 0,
         "max" : 2.225073858507201e-308,
         "mean" : 0.0,
         "min" : 1.797693134862316e+308,
         "name" : "C<sub>LIM1215</sub>(TGF_AZD)",
         "portion" : 0.0
      },
      {
         "count" : 0,
         "max" : 2.225073858507201e-308,
         "mean" : 0.0,
         "min" : 1.797693134862316e+308,
         "name" : "C<sub>LIM1215</sub>(TGF_AZD_s)",
         "portion" : 0.0
      },
      {
         "count" : 0,
         "max" : 2.225073858507201e-308,
         "mean" : 0.0,
         "min" : 1.797693134862316e+308,
         "name" : "C<sub>LIM1215</sub>(TGF_AZD_ms)",
         "portion" : 0.0
      },
      {
         "count" : 87690,
         "max" : 2.0,
         "mean" : 2.0,
         "min" : 2.0,
         "name" : "C<sub>LIM1215</sub>(LY)",
         "portion" : 1.0
      },
      {
         "count" : 21930,
         "max" : 2.0,
         "mean" : 2.0,
         "min" : 2.0,
         "name" : "C<sub>LIM1215</sub>(LY_s)",
         "portion" : 0.2500855285665412
      },
      {
         "count" : 21930,
         "max" : 2.0,
         "mean" : 2.0,
         "min" : 2.0,
         "name" : "C<sub>LIM1215</sub>(LY_ms)",
         "portion" : 0.2500855285665412
      },
      {
         "count" : 0,
         "max" : 2.225073858507201e-308,
         "mean" : 0.0,
         "min" : 1.797693134862316e+308,
         "name" : "C<sub>LIM1215</sub>(IGF1_LY)",
         "portion" : 0.0
      },
      {
         "count" : 0,
         "max" : 2.225073858507201e-308,
         "mean" : 0.0,
         "min" : 1.797693134862316e+308,
         "name" : "C<sub>LIM1215</sub>(IGF1_LY_s)",
         "portion" : 0.0
      },
      {
         "count" : 0,
         "max" : 2.225073858507201e-308,
         "mean" : 0.0,
         "min" : 1.797693134862316e+308,
         "name" : "C<sub>LIM1215</sub>(IGF1_LY_ms)",
         "portion" : 0.0
      },
      {
         "count" : 87690,
         "max" : 5.0,
         "mean" : 5.0,
         "min" : 5.0,
         "name" : "C<sub>LIM1215</sub>(TGF_LY)",
         "portion" : 1.0
      },
      {
         "count" : 6156,
         "max" : 5.0,
         "mean" : 5.0,
         "min" : 5.0,
         "name" : "C<sub>LIM1215</sub>(TGF_LY_s)",
         "portion" : 0.07020184741703729
      },
      {
         "count" : 6156,
         "max" : 5.0,
         "mean" : 5.0,
         "min" : 5.0,
         "name" : "C<sub>LIM1215</sub>(TGF_LY_ms)",
         "portion" : 0.07020184741703729
      },
      {
         "count" : 87690,
         "max" : 4.0,
         "mean" : 4.0,
         "min" : 4.0,
         "name" : "C<sub>HCT116</sub>(IGF1)",
         "portion" : 1.0
      },
      {
         "count" : 17836,
         "max" : 4.0,
         "mean" : 4.0,
         "min" : 4.0,
         "name" : "C<sub>HCT116</sub>(IGF1_s)",
         "portion" : 0.2033983350439047
      },
      {
         "count" : 17836,
         "max" : 4.0,
         "mean" : 4.0,
         "min" : 4.0,
         "name" : "C<sub>HCT116</sub>(IGF1_ms)",
         "portion" : 0.2033983350439047
      },
      {
         "count" : 87690,
         "max" : 3.0,
         "mean" : 3.0,
         "min" : 3.0,
         "name" : "C<sub>HCT116</sub>(TGF)",
         "portion" : 1.0
      },
      {
         "count" : 19280,
         "max" : 3.0,
         "mean" : 3.0,
         "min" : 3.0,
         "name" : "C<sub>HCT116</sub>(TGF_s)",
         "portion" : 0.2198654350553085
      },
      {
         "count" : 19280,
         "max" : 3.0,
         "mean" : 3.0,
         "min" : 3.0,
         "name" : "C<sub>HCT116</sub>(TGF_ms)",
         "portion" : 0.2198654350553085
      },
      {
         "count" : 68820,
         "max" : 4.0,
         "mean" : 4.0,
         "min" : 4.0,
         "name" : "C<sub>HCT116</sub>(AZD)",
         "portion" : 0.7848101265822784
      },
      {
         "count" : 4805,
         "max" : 4.0,
         "mean" : 4.0,
         "min" : 4.0,
         "name" : "C<sub>HCT116</sub>(AZD_s)",
         "portion" : 0.05479530163074467
      },
      {
         "count" : 4805,
         "max" : 4.0,
         "mean" : 4.0,
         "min" : 4.0,
         "name" : "C<sub>HCT116</sub>(AZD_ms)",
         "portion" : 0.05479530163074467
      },
      {
         "count" : 87690,
         "max" : 6.0,
         "mean" : 6.0,
         "min" : 6.0,
         "name" : "C<sub>HCT116</sub>(IGF1_AZD)",
         "portion" : 1.0
      },
      {
         "count" : 12264,
         "max" : 6.0,
         "mean" : 6.0,
         "min" : 6.0,
         "name" : "C<sub>HCT116</sub>(IGF1_AZD_s)",
         "portion" : 0.1398563120082107
      },
      {
         "count" : 12264,
         "max" : 6.0,
         "mean" : 6.0,
         "min" : 6.0,
         "name" : "C<sub>HCT116</sub>(IGF1_AZD_ms)",
         "portion" : 0.1398563120082107
      },
      {
         "count" : 87690,
         "max" : 5.0,
         "mean" : 5.0,
         "min" : 5.0,
         "name" : "C<sub>HCT116</sub>(TGF_AZD)",
         "portion" : 1.0
      },
      {
         "count" : 999,
         "max" : 5.0,
         "mean" : 5.0,
         "min" : 5.0,
         "name" : "C<sub>HCT116</sub>(TGF_AZD_s)",
         "portion" : 0.01139240506329114
      },
      {
         "count" : 999,
         "max" : 5.0,
         "mean" : 5.0,
         "min" : 5.0,
         "name" : "C<sub>HCT116</sub>(TGF_AZD_ms)",
         "portion" : 0.01139240506329114
      },
      {
         "count" : 87690,
         "max" : 2.0,
         "mean" : 2.0,
         "min" : 2.0,
         "name" : "C<sub>HCT116</sub>(LY)",
         "portion" : 1.0
      },
      {
         "count" : 87690,
         "max" : 2.0,
         "mean" : 2.0,
         "min" : 2.0,
         "name" : "C<sub>HCT116</sub>(LY_s)",
         "portion" : 1.0
      },
      {
         "count" : 87690,
         "max" : 2.0,
         "mean" : 2.0,
         "min" : 2.0,
         "name" : "C<sub>HCT116</sub>(LY_ms)",
         "portion" : 1.0
      },
      {
         "count" : 0,
         "max" : 2.225073858507201e-308,
         "mean" : 0.0,
         "min" : 1.797693134862316e+308,
         "name" : "C<sub>HCT116</sub>(IGF1_LY)",
         "portion" : 0.0
      },
      {
         "count" : 0,
         "max" : 2.225073858507201e-308,
         "mean" : 0.0,
         "min" : 1.797693134862316e+308,
         "name" : "C<sub>HCT116</sub>(IGF1_LY_s)",
         "portion" : 0.0
      },
      {
         "count" : 0,
         "max" : 2.225073858507201e-308,
         "mean" : 0.0,
         "min" : 1.797693134862316e+308,
         "name" : "C<sub>HCT116</sub>(IGF1_LY_ms)",
         "portion" : 0.0
      },
      {
         "count" : 87690,
         "max" : 6.0,
         "mean" : 6.0,
         "min" : 6.0,
         "name" : "C<sub>HCT116</sub>(TGF_LY)",
         "portion" : 1.0
      },
      {
         "count" : 4536,
         "max" : 6.0,
         "mean" : 6.0,
         "min" : 6.0,
         "name" : "C<sub>HCT116</sub>(TGF_LY_s)",
         "portion" : 0.05172767704413274
      },
      {
         "count" : 4536,
         "max" : 6.0,
         "mean" : 6.0,
         "min" : 6.0,
         "name" : "C<sub>HCT116</sub>(TGF_LY_ms)",
         "portion" : 0.05172767704413274
      },
      {
         "count" : 87690,
         "max" : 5.0,
         "mean" : 5.0,
         "min" : 5.0,
         "name" : "C<sub>SW403</sub>(IGF1)",
         "portion" : 1.0
      },
      {
         "count" : 11850,
         "max" : 5.0,
         "mean" : 5.0,
         "min" : 5.0,
         "name" : "C<sub>SW403</sub>(IGF1_s)",
         "portion" : 0.1351351351351351
      },
      {
         "count" : 11850,
         "max" : 5.0,
         "mean" : 5.0,
         "min" : 5.0,
         "name" : "C<sub>SW403</sub>(IGF1_ms)",
         "portion" : 0.1351351351351351
      },
      {
         "count" : 87690,
         "max" : 5.0,
         "mean" : 5.0,
         "min" : 5.0,
         "name" : "C<sub>SW403</sub>(TGF)",
         "portion" : 1.0
      },
      {
         "count" : 6320,
         "max" : 5.0,
         "mean" : 5.0,
         "min" : 5.0,
         "name" : "C<sub>SW403</sub>(TGF_s)",
         "portion" : 0.07207207207207207
      },
      {
         "count" : 6320,
         "max" : 5.0,
         "mean" : 5.0,
         "min" : 5.0,
         "name" : "C<sub>SW403</sub>(TGF_ms)",
         "portion" : 0.07207207207207207
      },
      {
         "count" : 87690,
         "max" : 2.0,
         "mean" : 2.0,
         "min" : 2.0,
         "name" : "C<sub>SW403</sub>(AZD)",
         "portion" : 1.0
      },
      {
         "count" : 87690,
         "max" : 2.0,
         "mean" : 2.0,
         "min" : 2.0,
         "name" : "C<sub>SW403</sub>(AZD_s)",
         "portion" : 1.0
      },
      {
         "count" : 87690,
         "max" : 2.0,
         "mean" : 2.0,
         "min" : 2.0,
         "name" : "C<sub>SW403</sub>(AZD_ms)",
         "portion" : 1.0
      },
      {
         "count" : 87690,
         "max" : 6.0,
         "mean" : 6.0,
         "min" : 6.0,
         "name" : "C<sub>SW403</sub>(IGF1_AZD)",
         "portion" : 1.0
      },
      {
         "count" : 12264,
         "max" : 6.0,
         "mean" : 6.0,
         "min" : 6.0,
         "name" : "C<sub>SW403</sub>(IGF1_AZD_s)",
         "portion" : 0.1398563120082107
      },
      {
         "count" : 12264,
         "max" : 6.0,
         "mean" : 6.0,
         "min" : 6.0,
         "name" : "C<sub>SW403</sub>(IGF1_AZD_ms)",
         "portion" : 0.1398563120082107
      },
      {
         "count" : 87690,
         "max" : 4.0,
         "mean" : 4.0,
         "min" : 4.0,
         "name" : "C<sub>SW403</sub>(TGF_AZD)",
         "portion" : 1.0
      },
      {
         "count" : 18525,
         "max" : 4.0,
         "mean" : 4.0,
         "min" : 4.0,
         "name" : "C<sub>SW403</sub>(TGF_AZD_s)",
         "portion" : 0.2112555593568252
      },
      {
         "count" : 18525,
         "max" : 4.0,
         "mean" : 4.0,
         "min" : 4.0,
         "name" : "C<sub>SW403</sub>(TGF_AZD_ms)",
         "portion" : 0.2112555593568252
      },
      {
         "count" : 87690,
         "max" : 2.0,
         "mean" : 2.0,
         "min" : 2.0,
         "name" : "C<sub>SW403</sub>(LY)",
         "portion" : 1.0
      },
      {
         "count" : 87690,
         "max" : 2.0,
         "mean" : 2.0,
         "min" : 2.0,
         "name" : "C<sub>SW403</sub>(LY_s)",
         "portion" : 1.0
      },
      {
         "count" : 87690,
         "max" : 2.0,
         "mean" : 2.0,
         "min" : 2.0,
         "name" : "C<sub>SW403</sub>(LY_ms)",
         "portion" : 1.0
      },
      {
         "count" : 0,
         "max" : 2.225073858507201e-308,
         "mean" : 0.0,
         "min" : 1.797693134862316e+308,
         "name" : "C<sub>SW403</sub>(IGF1_LY)",
         "portion" : 0.0
      },
      {
         "count" : 0,
         "max" : 2.225073858507201e-308,
         "mean" : 0.0,
         "min" : 1.797693134862316e+308,
         "name" : "C<sub>SW403</sub>(IGF1_LY_s)",
         "portion" : 0.0
      },
      {
         "count" : 0,
         "max" : 2.225073858507201e-308,
         "mean" : 0.0,
         "min" : 1.797693134862316e+308,
         "name" : "C<sub>SW403</sub>(IGF1_LY_ms)",
         "portion" : 0.0
      },
      {
         "count" : 87690,
         "max" : 5.0,
         "mean" : 5.0,
         "min" : 5.0,
         "name" : "C<sub>SW403</sub>(TGF_LY)",
         "portion" : 1.0
      },
      {
         "count" : 9180,
         "max" : 5.0,
         "mean" : 5.0,
         "min" : 5.0,
         "name" : "C<sub>SW403</sub>(TGF_LY_s)",
         "portion" : 0.1046869654464591
      },
      {
         "count" : 9180,
         "max" : 5.0,
         "mean" : 5.0,
         "min" : 5.0,
         "name" : "C<sub>SW403</sub>(TGF_LY_ms)",
         "portion" : 0.1046869654464591
      },
      {
         "count" : 87690,
         "max" : 4.0,
         "mean" : 4.0,
         "min" : 4.0,
         "name" : "C<sub>SW480</sub>(IGF1)",
         "portion" : 1.0
      },
      {
         "count" : 17836,
         "max" : 4.0,
         "mean" : 4.0,
         "min" : 4.0,
         "name" : "C<sub>SW480</sub>(IGF1_s)",
         "portion" : 0.2033983350439047
      },
      {
         "count" : 17836,
         "max" : 4.0,
         "mean" : 4.0,
         "min" : 4.0,
         "name" : "C<sub>SW480</sub>(IGF1_ms)",
         "portion" : 0.2033983350439047
      },
      {
         "count" : 87690,
         "max" : 7.0,
         "mean" : 7.0,
         "min" : 7.0,
         "name" : "C<sub>SW480</sub>(TGF)",
         "portion" : 1.0
      },
      {
         "count" : 2400,
         "max" : 7.0,
         "mean" : 7.0,
         "min" : 7.0,
         "name" : "C<sub>SW480</sub>(TGF_s)",
         "portion" : 0.02736914129319193
      },
      {
         "count" : 2400,
         "max" : 7.0,
         "mean" : 7.0,
         "min" : 7.0,
         "name" : "C<sub>SW480</sub>(TGF_ms)",
         "portion" : 0.02736914129319193
      },
      {
         "count" : 68820,
         "max" : 2.0,
         "mean" : 2.0,
         "min" : 2.0,
         "name" : "C<sub>SW480</sub>(AZD)",
         "portion" : 0.7848101265822784
      },
      {
         "count" : 60915,
         "max" : 2.0,
         "mean" : 2.0,
         "min" : 2.0,
         "name" : "C<sub>SW480</sub>(AZD_s)",
         "portion" : 0.6946630174478275
      },
      {
         "count" : 60915,
         "max" : 2.0,
         "mean" : 2.0,
         "min" : 2.0,
         "name" : "C<sub>SW480</sub>(AZD_ms)",
         "portion" : 0.6946630174478275
      },
      {
         "count" : 87690,
         "max" : 3.0,
         "mean" : 3.0,
         "min" : 3.0,
         "name" : "C<sub>SW480</sub>(IGF1_AZD)",
         "portion" : 1.0
      },
      {
         "count" : 30000,
         "max" : 3.0,
         "mean" : 3.0,
         "min" : 3.0,
         "name" : "C<sub>SW480</sub>(IGF1_AZD_s)",
         "portion" : 0.3421142661648991
      },
      {
         "count" : 30000,
         "max" : 3.0,
         "mean" : 3.0,
         "min" : 3.0,
         "name" : "C<sub>SW480</sub>(IGF1_AZD_ms)",
         "portion" : 0.3421142661648991
      },
      {
         "count" : 87690,
         "max" : 5.0,
         "mean" : 5.0,
         "min" : 5.0,
         "name" : "C<sub>SW480</sub>(TGF_AZD)",
         "portion" : 1.0
      },
      {
         "count" : 8322,
         "max" : 5.0,
         "mean" : 5.0,
         "min" : 5.0,
         "name" : "C<sub>SW480</sub>(TGF_AZD_s)",
         "portion" : 0.0949024974341430
      },
      {
         "count" : 8322,
         "max" : 5.0,
         "mean" : 5.0,
         "min" : 5.0,
         "name" : "C<sub>SW480</sub>(TGF_AZD_ms)",
         "portion" : 0.0949024974341430
      },
      {
         "count" : 87690,
         "max" : 2.0,
         "mean" : 2.0,
         "min" : 2.0,
         "name" : "C<sub>SW480</sub>(LY)",
         "portion" : 1.0
      },
      {
         "count" : 87690,
         "max" : 2.0,
         "mean" : 2.0,
         "min" : 2.0,
         "name" : "C<sub>SW480</sub>(LY_s)",
         "portion" : 1.0
      },
      {
         "count" : 87690,
         "max" : 2.0,
         "mean" : 2.0,
         "min" : 2.0,
         "name" : "C<sub>SW480</sub>(LY_ms)",
         "portion" : 1.0
      },
      {
         "count" : 0,
         "max" : 2.225073858507201e-308,
         "mean" : 0.0,
         "min" : 1.797693134862316e+308,
         "name" : "C<sub>SW480</sub>(IGF1_LY)",
         "portion" : 0.0
      },
      {
         "count" : 0,
         "max" : 2.225073858507201e-308,
         "mean" : 0.0,
         "min" : 1.797693134862316e+308,
         "name" : "C<sub>SW480</sub>(IGF1_LY_s)",
         "portion" : 0.0
      },
      {
         "count" : 0,
         "max" : 2.225073858507201e-308,
         "mean" : 0.0,
         "min" : 1.797693134862316e+308,
         "name" : "C<sub>SW480</sub>(IGF1_LY_ms)",
         "portion" : 0.0
      },
      {
         "count" : 87690,
         "max" : 6.0,
         "mean" : 6.0,
         "min" : 6.0,
         "name" : "C<sub>SW480</sub>(TGF_LY)",
         "portion" : 1.0
      },
      {
         "count" : 6156,
         "max" : 6.0,
         "mean" : 6.0,
         "min" : 6.0,
         "name" : "C<sub>SW480</sub>(TGF_LY_s)",
         "portion" : 0.07020184741703729
      },
      {
         "count" : 6156,
         "max" : 6.0,
         "mean" : 6.0,
         "min" : 6.0,
         "name" : "C<sub>SW480</sub>(TGF_LY_ms)",
         "portion" : 0.07020184741703729
      },
      {
         "count" : 87690,
         "max" : 3.0,
         "mean" : 3.0,
         "min" : 3.0,
         "name" : "C<sub>HT29</sub>(IGF1)",
         "portion" : 1.0
      },
      {
         "count" : 21690,
         "max" : 3.0,
         "mean" : 3.0,
         "min" : 3.0,
         "name" : "C<sub>HT29</sub>(IGF1_s)",
         "portion" : 0.2473486144372220
      },
      {
         "count" : 21690,
         "max" : 3.0,
         "mean" : 3.0,
         "min" : 3.0,
         "name" : "C<sub>HT29</sub>(IGF1_ms)",
         "portion" : 0.2473486144372220
      },
      {
         "count" : 87690,
         "max" : 7.0,
         "mean" : 7.0,
         "min" : 7.0,
         "name" : "C<sub>HT29</sub>(TGF)",
         "portion" : 1.0
      },
      {
         "count" : 2400,
         "max" : 7.0,
         "mean" : 7.0,
         "min" : 7.0,
         "name" : "C<sub>HT29</sub>(TGF_s)",
         "portion" : 0.02736914129319193
      },
      {
         "count" : 2400,
         "max" : 7.0,
         "mean" : 7.0,
         "min" : 7.0,
         "name" : "C<sub>HT29</sub>(TGF_ms)",
         "portion" : 0.02736914129319193
      },
      {
         "count" : 87690,
         "max" : 2.0,
         "mean" : 2.0,
         "min" : 2.0,
         "name" : "C<sub>HT29</sub>(AZD)",
         "portion" : 1.0
      },
      {
         "count" : 87690,
         "max" : 2.0,
         "mean" : 2.0,
         "min" : 2.0,
         "name" : "C<sub>HT29</sub>(AZD_s)",
         "portion" : 1.0
      },
      {
         "count" : 87690,
         "max" : 2.0,
         "mean" : 2.0,
         "min" : 2.0,
         "name" : "C<sub>HT29</sub>(AZD_ms)",
         "portion" : 1.0
      },
      {
         "count" : 87690,
         "max" : 5.0,
         "mean" : 5.0,
         "min" : 5.0,
         "name" : "C<sub>HT29</sub>(IGF1_AZD)",
         "portion" : 1.0
      },
      {
         "count" : 18250,
         "max" : 5.0,
         "mean" : 5.0,
         "min" : 5.0,
         "name" : "C<sub>HT29</sub>(IGF1_AZD_s)",
         "portion" : 0.2081195119169803
      },
      {
         "count" : 18250,
         "max" : 5.0,
         "mean" : 5.0,
         "min" : 5.0,
         "name" : "C<sub>HT29</sub>(IGF1_AZD_ms)",
         "portion" : 0.2081195119169803
      },
      {
         "count" : 0,
         "max" : 2.225073858507201e-308,
         "mean" : 0.0,
         "min" : 1.797693134862316e+308,
         "name" : "C<sub>HT29</sub>(TGF_AZD)",
         "portion" : 0.0
      },
      {
         "count" : 0,
         "max" : 2.225073858507201e-308,
         "mean" : 0.0,
         "min" : 1.797693134862316e+308,
         "name" : "C<sub>HT29</sub>(TGF_AZD_s)",
         "portion" : 0.0
      },
      {
         "count" : 0,
         "max" : 2.225073858507201e-308,
         "mean" : 0.0,
         "min" : 1.797693134862316e+308,
         "name" : "C<sub>HT29</sub>(TGF_AZD_ms)",
         "portion" : 0.0
      },
      {
         "count" : 87690,
         "max" : 2.0,
         "mean" : 2.0,
         "min" : 2.0,
         "name" : "C<sub>HT29</sub>(LY)",
         "portion" : 1.0
      },
      {
         "count" : 87690,
         "max" : 2.0,
         "mean" : 2.0,
         "min" : 2.0,
         "name" : "C<sub>HT29</sub>(LY_s)",
         "portion" : 1.0
      },
      {
         "count" : 87690,
         "max" : 2.0,
         "mean" : 2.0,
         "min" : 2.0,
         "name" : "C<sub>HT29</sub>(LY_ms)",
         "portion" : 1.0
      },
      {
         "count" : 87690,
         "max" : 1.0,
         "mean" : 1.0,
         "min" : 1.0,
         "name" : "C<sub>HT29</sub>(IGF1_LY)",
         "portion" : 1.0
      },
      {
         "count" : 54510,
         "max" : 1.0,
         "mean" : 1.0,
         "min" : 1.0,
         "name" : "C<sub>HT29</sub>(IGF1_LY_s)",
         "portion" : 0.6216216216216216
      },
      {
         "count" : 54510,
         "max" : 1.0,
         "mean" : 1.0,
         "min" : 1.0,
         "name" : "C<sub>HT29</sub>(IGF1_LY_ms)",
         "portion" : 0.6216216216216216
      },
      {
         "count" : 87690,
         "max" : 6.0,
         "mean" : 6.0,
         "min" : 6.0,
         "name" : "C<sub>HT29</sub>(TGF_LY)",
         "portion" : 1.0
      },
      {
         "count" : 4536,
         "max" : 6.0,
         "mean" : 6.0,
         "min" : 6.0,
         "name" : "C<sub>HT29</sub>(TGF_LY_s)",
         "portion" : 0.05172767704413274
      },
      {
         "count" : 4536,
         "max" : 6.0,
         "mean" : 6.0,
         "min" : 6.0,
         "name" : "C<sub>HT29</sub>(TGF_LY_ms)",
         "portion" : 0.05172767704413274
      }
   ],
   "setup" : {
      "date" : "Thu Apr 23 14:21:38 2015",
      "model" : "EGFR_full",
      "s_name" : "HT29_ps",
      "select" : " WHERE (C_HT29_IGF1_LY IS NOT NULL AND C_HT29_IGF1_AZD IS NOT NULL AND C_HT29_TGF_LY IS NOT NULL AND C_HT29_TGF IS NOT NULL AND C_HT29_LY_s IS NOT NULL AND C_HT29_AZD_s IS NOT NULL AND C_HT29_IGF1 IS NOT NULL)",
      "size" : 87690
   }
}

