{
   "records" : [
      {
         "count" : 180000,
         "max" : 2.225073858507201e-308,
         "mean" : 0.0,
         "min" : 0.0,
         "name" : "K<sub>AKT</sub>(00)",
         "portion" : 1.0
      },
      {
         "count" : 180000,
         "max" : 1.0,
         "mean" : 1.0,
         "min" : 1.0,
         "name" : "K<sub>AKT</sub>(01)",
         "portion" : 1.0
      },
      {
         "count" : 180000,
         "max" : 2.225073858507201e-308,
         "mean" : 0.0,
         "min" : 0.0,
         "name" : "K<sub>AKT</sub>(10)",
         "portion" : 1.0
      },
      {
         "count" : 180000,
         "max" : 2.225073858507201e-308,
         "mean" : 0.0,
         "min" : 0.0,
         "name" : "K<sub>AKT</sub>(11)",
         "portion" : 1.0
      },
      {
         "count" : 180000,
         "max" : 2.225073858507201e-308,
         "mean" : 0.0,
         "min" : 0.0,
         "name" : "K<sub>AZD</sub>(0)",
         "portion" : 1.0
      },
      {
         "count" : 180000,
         "max" : 1.0,
         "mean" : 1.0,
         "min" : 1.0,
         "name" : "K<sub>AZD</sub>(1)",
         "portion" : 1.0
      },
      {
         "count" : 180000,
         "max" : 1.0,
         "mean" : 0.3333333333333333,
         "min" : 0.0,
         "name" : "K<sub>EGFR</sub>(00)",
         "portion" : 1.0
      },
      {
         "count" : 180000,
         "max" : 1.0,
         "mean" : 1.0,
         "min" : 1.0,
         "name" : "K<sub>EGFR</sub>(01)",
         "portion" : 1.0
      },
      {
         "count" : 180000,
         "max" : 2.225073858507201e-308,
         "mean" : 0.0,
         "min" : 0.0,
         "name" : "K<sub>EGFR</sub>(10)",
         "portion" : 1.0
      },
      {
         "count" : 180000,
         "max" : 1.0,
         "mean" : 0.6666666666666666,
         "min" : 0.0,
         "name" : "K<sub>EGFR</sub>(11)",
         "portion" : 1.0
      },
      {
         "count" : 180000,
         "max" : 2.225073858507201e-308,
         "mean" : 0.0,
         "min" : 0.0,
         "name" : "K<sub>ERK</sub>(00)",
         "portion" : 1.0
      },
      {
         "count" : 180000,
         "max" : 1.0,
         "mean" : 1.0,
         "min" : 1.0,
         "name" : "K<sub>ERK</sub>(01)",
         "portion" : 1.0
      },
      {
         "count" : 180000,
         "max" : 2.225073858507201e-308,
         "mean" : 0.0,
         "min" : 0.0,
         "name" : "K<sub>ERK</sub>(10)",
         "portion" : 1.0
      },
      {
         "count" : 180000,
         "max" : 2.225073858507201e-308,
         "mean" : 0.0,
         "min" : 0.0,
         "name" : "K<sub>ERK</sub>(11)",
         "portion" : 1.0
      },
      {
         "count" : 180000,
         "max" : 1.0,
         "mean" : 0.20,
         "min" : 0.0,
         "name" : "K<sub>GSK3</sub>(00)",
         "portion" : 1.0
      },
      {
         "count" : 180000,
         "max" : 1.0,
         "mean" : 0.60,
         "min" : 0.0,
         "name" : "K<sub>GSK3</sub>(01)",
         "portion" : 1.0
      },
      {
         "count" : 180000,
         "max" : 1.0,
         "mean" : 0.60,
         "min" : 0.0,
         "name" : "K<sub>GSK3</sub>(10)",
         "portion" : 1.0
      },
      {
         "count" : 180000,
         "max" : 1.0,
         "mean" : 1.0,
         "min" : 1.0,
         "name" : "K<sub>GSK3</sub>(11)",
         "portion" : 1.0
      },
      {
         "count" : 180000,
         "max" : 2.225073858507201e-308,
         "mean" : 0.0,
         "min" : 0.0,
         "name" : "K<sub>IGFIR</sub>(0)",
         "portion" : 1.0
      },
      {
         "count" : 180000,
         "max" : 1.0,
         "mean" : 1.0,
         "min" : 1.0,
         "name" : "K<sub>IGFIR</sub>(1)",
         "portion" : 1.0
      },
      {
         "count" : 180000,
         "max" : 1.0,
         "mean" : 0.70,
         "min" : 0.0,
         "name" : "K<sub>IRS1</sub>(000)",
         "portion" : 1.0
      },
      {
         "count" : 180000,
         "max" : 1.0,
         "mean" : 0.30,
         "min" : 0.0,
         "name" : "K<sub>IRS1</sub>(001)",
         "portion" : 1.0
      },
      {
         "count" : 180000,
         "max" : 1.0,
         "mean" : 0.950,
         "min" : 0.0,
         "name" : "K<sub>IRS1</sub>(010)",
         "portion" : 1.0
      },
      {
         "count" : 180000,
         "max" : 1.0,
         "mean" : 0.70,
         "min" : 0.0,
         "name" : "K<sub>IRS1</sub>(011)",
         "portion" : 1.0
      },
      {
         "count" : 180000,
         "max" : 1.0,
         "mean" : 0.30,
         "min" : 0.0,
         "name" : "K<sub>IRS1</sub>(100)",
         "portion" : 1.0
      },
      {
         "count" : 180000,
         "max" : 1.0,
         "mean" : 0.050,
         "min" : 0.0,
         "name" : "K<sub>IRS1</sub>(101)",
         "portion" : 1.0
      },
      {
         "count" : 180000,
         "max" : 1.0,
         "mean" : 0.70,
         "min" : 0.0,
         "name" : "K<sub>IRS1</sub>(110)",
         "portion" : 1.0
      },
      {
         "count" : 180000,
         "max" : 1.0,
         "mean" : 0.30,
         "min" : 0.0,
         "name" : "K<sub>IRS1</sub>(111)",
         "portion" : 1.0
      },
      {
         "count" : 180000,
         "max" : 2.225073858507201e-308,
         "mean" : 0.0,
         "min" : 0.0,
         "name" : "K<sub>LY</sub>(0)",
         "portion" : 1.0
      },
      {
         "count" : 180000,
         "max" : 1.0,
         "mean" : 1.0,
         "min" : 1.0,
         "name" : "K<sub>LY</sub>(1)",
         "portion" : 1.0
      },
      {
         "count" : 180000,
         "max" : 2.225073858507201e-308,
         "mean" : 0.0,
         "min" : 0.0,
         "name" : "K<sub>MEK</sub>(0)",
         "portion" : 1.0
      },
      {
         "count" : 180000,
         "max" : 1.0,
         "mean" : 1.0,
         "min" : 1.0,
         "name" : "K<sub>MEK</sub>(1)",
         "portion" : 1.0
      },
      {
         "count" : 180000,
         "max" : 1.0,
         "mean" : 0.1666666666666667,
         "min" : 0.0,
         "name" : "K<sub>PI3K</sub>(00)",
         "portion" : 1.0
      },
      {
         "count" : 180000,
         "max" : 1.0,
         "mean" : 0.50,
         "min" : 0.0,
         "name" : "K<sub>PI3K</sub>(01)",
         "portion" : 1.0
      },
      {
         "count" : 180000,
         "max" : 1.0,
         "mean" : 0.50,
         "min" : 0.0,
         "name" : "K<sub>PI3K</sub>(10)",
         "portion" : 1.0
      },
      {
         "count" : 180000,
         "max" : 1.0,
         "mean" : 0.8333333333333334,
         "min" : 0.0,
         "name" : "K<sub>PI3K</sub>(11)",
         "portion" : 1.0
      },
      {
         "count" : 180000,
         "max" : 1.0,
         "mean" : 0.30,
         "min" : 0.0,
         "name" : "K<sub>RAF</sub>(000)",
         "portion" : 1.0
      },
      {
         "count" : 180000,
         "max" : 1.0,
         "mean" : 0.70,
         "min" : 0.0,
         "name" : "K<sub>RAF</sub>(001)",
         "portion" : 1.0
      },
      {
         "count" : 180000,
         "max" : 1.0,
         "mean" : 0.050,
         "min" : 0.0,
         "name" : "K<sub>RAF</sub>(010)",
         "portion" : 1.0
      },
      {
         "count" : 180000,
         "max" : 1.0,
         "mean" : 0.30,
         "min" : 0.0,
         "name" : "K<sub>RAF</sub>(011)",
         "portion" : 1.0
      },
      {
         "count" : 180000,
         "max" : 1.0,
         "mean" : 0.70,
         "min" : 0.0,
         "name" : "K<sub>RAF</sub>(100)",
         "portion" : 1.0
      },
      {
         "count" : 180000,
         "max" : 1.0,
         "mean" : 0.950,
         "min" : 0.0,
         "name" : "K<sub>RAF</sub>(101)",
         "portion" : 1.0
      },
      {
         "count" : 180000,
         "max" : 1.0,
         "mean" : 0.30,
         "min" : 0.0,
         "name" : "K<sub>RAF</sub>(110)",
         "portion" : 1.0
      },
      {
         "count" : 180000,
         "max" : 1.0,
         "mean" : 0.70,
         "min" : 0.0,
         "name" : "K<sub>RAF</sub>(111)",
         "portion" : 1.0
      },
      {
         "count" : 180000,
         "max" : 2.225073858507201e-308,
         "mean" : 0.0,
         "min" : 0.0,
         "name" : "K<sub>TGFa</sub>(0)",
         "portion" : 1.0
      },
      {
         "count" : 180000,
         "max" : 1.0,
         "mean" : 1.0,
         "min" : 1.0,
         "name" : "K<sub>TGFa</sub>(1)",
         "portion" : 1.0
      },
      {
         "count" : 180000,
         "max" : 1.0,
         "mean" : 0.20,
         "min" : 0.0,
         "name" : "K<sub>p70S6K</sub>(00)",
         "portion" : 1.0
      },
      {
         "count" : 180000,
         "max" : 1.0,
         "mean" : 0.60,
         "min" : 0.0,
         "name" : "K<sub>p70S6K</sub>(01)",
         "portion" : 1.0
      },
      {
         "count" : 180000,
         "max" : 1.0,
         "mean" : 0.60,
         "min" : 0.0,
         "name" : "K<sub>p70S6K</sub>(10)",
         "portion" : 1.0
      },
      {
         "count" : 180000,
         "max" : 1.0,
         "mean" : 1.0,
         "min" : 1.0,
         "name" : "K<sub>p70S6K</sub>(11)",
         "portion" : 1.0
      },
      {
         "count" : 180000,
         "max" : 4.0,
         "mean" : 4.0,
         "min" : 4.0,
         "name" : "C<sub>LIM1215</sub>(IGF1_m)",
         "portion" : 1.0
      },
      {
         "count" : 180000,
         "max" : 6.0,
         "mean" : 6.0,
         "min" : 6.0,
         "name" : "C<sub>LIM1215</sub>(TGF_m)",
         "portion" : 1.0
      },
      {
         "count" : 180000,
         "max" : 3.0,
         "mean" : 3.0,
         "min" : 3.0,
         "name" : "C<sub>LIM1215</sub>(AZD_m)",
         "portion" : 1.0
      },
      {
         "count" : 180000,
         "max" : 6.0,
         "mean" : 6.0,
         "min" : 6.0,
         "name" : "C<sub>LIM1215</sub>(IGF1_AZD_m)",
         "portion" : 1.0
      },
      {
         "count" : 0,
         "max" : 2.225073858507201e-308,
         "mean" : 0.0,
         "min" : 1.797693134862316e+308,
         "name" : "C<sub>LIM1215</sub>(TGF_AZD_m)",
         "portion" : 0.0
      },
      {
         "count" : 180000,
         "max" : 2.0,
         "mean" : 2.0,
         "min" : 2.0,
         "name" : "C<sub>LIM1215</sub>(LY_m)",
         "portion" : 1.0
      },
      {
         "count" : 0,
         "max" : 2.225073858507201e-308,
         "mean" : 0.0,
         "min" : 1.797693134862316e+308,
         "name" : "C<sub>LIM1215</sub>(IGF1_LY_m)",
         "portion" : 0.0
      },
      {
         "count" : 180000,
         "max" : 5.0,
         "mean" : 5.0,
         "min" : 5.0,
         "name" : "C<sub>LIM1215</sub>(TGF_LY_m)",
         "portion" : 1.0
      },
      {
         "count" : 180000,
         "max" : 4.0,
         "mean" : 4.0,
         "min" : 4.0,
         "name" : "C<sub>HCT116</sub>(IGF1_m)",
         "portion" : 1.0
      },
      {
         "count" : 180000,
         "max" : 3.0,
         "mean" : 3.0,
         "min" : 3.0,
         "name" : "C<sub>HCT116</sub>(TGF_m)",
         "portion" : 1.0
      },
      {
         "count" : 144000,
         "max" : 4.0,
         "mean" : 4.0,
         "min" : 4.0,
         "name" : "C<sub>HCT116</sub>(AZD_m)",
         "portion" : 0.80
      },
      {
         "count" : 180000,
         "max" : 6.0,
         "mean" : 6.0,
         "min" : 6.0,
         "name" : "C<sub>HCT116</sub>(IGF1_AZD_m)",
         "portion" : 1.0
      },
      {
         "count" : 171000,
         "max" : 5.0,
         "mean" : 5.0,
         "min" : 5.0,
         "name" : "C<sub>HCT116</sub>(TGF_AZD_m)",
         "portion" : 0.950
      },
      {
         "count" : 180000,
         "max" : 2.0,
         "mean" : 2.0,
         "min" : 2.0,
         "name" : "C<sub>HCT116</sub>(LY_m)",
         "portion" : 1.0
      },
      {
         "count" : 0,
         "max" : 2.225073858507201e-308,
         "mean" : 0.0,
         "min" : 1.797693134862316e+308,
         "name" : "C<sub>HCT116</sub>(IGF1_LY_m)",
         "portion" : 0.0
      },
      {
         "count" : 163800,
         "max" : 6.0,
         "mean" : 6.0,
         "min" : 6.0,
         "name" : "C<sub>HCT116</sub>(TGF_LY_m)",
         "portion" : 0.910
      },
      {
         "count" : 180000,
         "max" : 5.0,
         "mean" : 5.0,
         "min" : 5.0,
         "name" : "C<sub>SW403</sub>(IGF1_m)",
         "portion" : 1.0
      },
      {
         "count" : 180000,
         "max" : 5.0,
         "mean" : 5.0,
         "min" : 5.0,
         "name" : "C<sub>SW403</sub>(TGF_m)",
         "portion" : 1.0
      },
      {
         "count" : 180000,
         "max" : 2.0,
         "mean" : 2.0,
         "min" : 2.0,
         "name" : "C<sub>SW403</sub>(AZD_m)",
         "portion" : 1.0
      },
      {
         "count" : 180000,
         "max" : 6.0,
         "mean" : 6.0,
         "min" : 6.0,
         "name" : "C<sub>SW403</sub>(IGF1_AZD_m)",
         "portion" : 1.0
      },
      {
         "count" : 180000,
         "max" : 4.0,
         "mean" : 4.0,
         "min" : 4.0,
         "name" : "C<sub>SW403</sub>(TGF_AZD_m)",
         "portion" : 1.0
      },
      {
         "count" : 180000,
         "max" : 2.0,
         "mean" : 2.0,
         "min" : 2.0,
         "name" : "C<sub>SW403</sub>(LY_m)",
         "portion" : 1.0
      },
      {
         "count" : 0,
         "max" : 2.225073858507201e-308,
         "mean" : 0.0,
         "min" : 1.797693134862316e+308,
         "name" : "C<sub>SW403</sub>(IGF1_LY_m)",
         "portion" : 0.0
      },
      {
         "count" : 180000,
         "max" : 5.0,
         "mean" : 5.0,
         "min" : 5.0,
         "name" : "C<sub>SW403</sub>(TGF_LY_m)",
         "portion" : 1.0
      },
      {
         "count" : 180000,
         "max" : 4.0,
         "mean" : 4.0,
         "min" : 4.0,
         "name" : "C<sub>SW480</sub>(IGF1_m)",
         "portion" : 1.0
      },
      {
         "count" : 171000,
         "max" : 7.0,
         "mean" : 7.0,
         "min" : 7.0,
         "name" : "C<sub>SW480</sub>(TGF_m)",
         "portion" : 0.950
      },
      {
         "count" : 144000,
         "max" : 2.0,
         "mean" : 2.0,
         "min" : 2.0,
         "name" : "C<sub>SW480</sub>(AZD_m)",
         "portion" : 0.80
      },
      {
         "count" : 180000,
         "max" : 3.0,
         "mean" : 3.0,
         "min" : 3.0,
         "name" : "C<sub>SW480</sub>(IGF1_AZD_m)",
         "portion" : 1.0
      },
      {
         "count" : 180000,
         "max" : 5.0,
         "mean" : 5.0,
         "min" : 5.0,
         "name" : "C<sub>SW480</sub>(TGF_AZD_m)",
         "portion" : 1.0
      },
      {
         "count" : 180000,
         "max" : 2.0,
         "mean" : 2.0,
         "min" : 2.0,
         "name" : "C<sub>SW480</sub>(LY_m)",
         "portion" : 1.0
      },
      {
         "count" : 0,
         "max" : 2.225073858507201e-308,
         "mean" : 0.0,
         "min" : 1.797693134862316e+308,
         "name" : "C<sub>SW480</sub>(IGF1_LY_m)",
         "portion" : 0.0
      },
      {
         "count" : 180000,
         "max" : 6.0,
         "mean" : 6.0,
         "min" : 6.0,
         "name" : "C<sub>SW480</sub>(TGF_LY_m)",
         "portion" : 1.0
      },
      {
         "count" : 180000,
         "max" : 3.0,
         "mean" : 3.0,
         "min" : 3.0,
         "name" : "C<sub>HT29</sub>(IGF1_m)",
         "portion" : 1.0
      },
      {
         "count" : 171000,
         "max" : 7.0,
         "mean" : 7.0,
         "min" : 7.0,
         "name" : "C<sub>HT29</sub>(TGF_m)",
         "portion" : 0.950
      },
      {
         "count" : 180000,
         "max" : 2.0,
         "mean" : 2.0,
         "min" : 2.0,
         "name" : "C<sub>HT29</sub>(AZD_m)",
         "portion" : 1.0
      },
      {
         "count" : 180000,
         "max" : 5.0,
         "mean" : 5.0,
         "min" : 5.0,
         "name" : "C<sub>HT29</sub>(IGF1_AZD_m)",
         "portion" : 1.0
      },
      {
         "count" : 0,
         "max" : 2.225073858507201e-308,
         "mean" : 0.0,
         "min" : 1.797693134862316e+308,
         "name" : "C<sub>HT29</sub>(TGF_AZD_m)",
         "portion" : 0.0
      },
      {
         "count" : 180000,
         "max" : 2.0,
         "mean" : 2.0,
         "min" : 2.0,
         "name" : "C<sub>HT29</sub>(LY_m)",
         "portion" : 1.0
      },
      {
         "count" : 180000,
         "max" : 1.0,
         "mean" : 1.0,
         "min" : 1.0,
         "name" : "C<sub>HT29</sub>(IGF1_LY_m)",
         "portion" : 1.0
      },
      {
         "count" : 142200,
         "max" : 6.0,
         "mean" : 6.0,
         "min" : 6.0,
         "name" : "C<sub>HT29</sub>(TGF_LY_m)",
         "portion" : 0.790
      },
      {
         "count" : 180000,
         "max" : 4.0,
         "mean" : 4.0,
         "min" : 4.0,
         "name" : "C<sub>LIM1215</sub>(IGF1)",
         "portion" : 1.0
      },
      {
         "count" : 34380,
         "max" : 4.0,
         "mean" : 4.0,
         "min" : 4.0,
         "name" : "C<sub>LIM1215</sub>(IGF1_s)",
         "portion" : 0.1910
      },
      {
         "count" : 34380,
         "max" : 4.0,
         "mean" : 4.0,
         "min" : 4.0,
         "name" : "C<sub>LIM1215</sub>(IGF1_ms)",
         "portion" : 0.1910
      },
      {
         "count" : 180000,
         "max" : 6.0,
         "mean" : 6.0,
         "min" : 6.0,
         "name" : "C<sub>LIM1215</sub>(TGF)",
         "portion" : 1.0
      },
      {
         "count" : 18500,
         "max" : 6.0,
         "mean" : 6.0,
         "min" : 6.0,
         "name" : "C<sub>LIM1215</sub>(TGF_s)",
         "portion" : 0.1027777777777778
      },
      {
         "count" : 18500,
         "max" : 6.0,
         "mean" : 6.0,
         "min" : 6.0,
         "name" : "C<sub>LIM1215</sub>(TGF_ms)",
         "portion" : 0.1027777777777778
      },
      {
         "count" : 180000,
         "max" : 3.0,
         "mean" : 3.0,
         "min" : 3.0,
         "name" : "C<sub>LIM1215</sub>(AZD)",
         "portion" : 1.0
      },
      {
         "count" : 50000,
         "max" : 3.0,
         "mean" : 3.0,
         "min" : 3.0,
         "name" : "C<sub>LIM1215</sub>(AZD_s)",
         "portion" : 0.2777777777777778
      },
      {
         "count" : 50000,
         "max" : 3.0,
         "mean" : 3.0,
         "min" : 3.0,
         "name" : "C<sub>LIM1215</sub>(AZD_ms)",
         "portion" : 0.2777777777777778
      },
      {
         "count" : 180000,
         "max" : 6.0,
         "mean" : 6.0,
         "min" : 6.0,
         "name" : "C<sub>LIM1215</sub>(IGF1_AZD)",
         "portion" : 1.0
      },
      {
         "count" : 7380,
         "max" : 6.0,
         "mean" : 6.0,
         "min" : 6.0,
         "name" : "C<sub>LIM1215</sub>(IGF1_AZD_s)",
         "portion" : 0.0410
      },
      {
         "count" : 7380,
         "max" : 6.0,
         "mean" : 6.0,
         "min" : 6.0,
         "name" : "C<sub>LIM1215</sub>(IGF1_AZD_ms)",
         "portion" : 0.0410
      },
      {
         "count" : 0,
         "max" : 2.225073858507201e-308,
         "mean" : 0.0,
         "min" : 1.797693134862316e+308,
         "name" : "C<sub>LIM1215</sub>(TGF_AZD)",
         "portion" : 0.0
      },
      {
         "count" : 0,
         "max" : 2.225073858507201e-308,
         "mean" : 0.0,
         "min" : 1.797693134862316e+308,
         "name" : "C<sub>LIM1215</sub>(TGF_AZD_s)",
         "portion" : 0.0
      },
      {
         "count" : 0,
         "max" : 2.225073858507201e-308,
         "mean" : 0.0,
         "min" : 1.797693134862316e+308,
         "name" : "C<sub>LIM1215</sub>(TGF_AZD_ms)",
         "portion" : 0.0
      },
      {
         "count" : 180000,
         "max" : 2.0,
         "mean" : 2.0,
         "min" : 2.0,
         "name" : "C<sub>LIM1215</sub>(LY)",
         "portion" : 1.0
      },
      {
         "count" : 25800,
         "max" : 2.0,
         "mean" : 2.0,
         "min" : 2.0,
         "name" : "C<sub>LIM1215</sub>(LY_s)",
         "portion" : 0.1433333333333333
      },
      {
         "count" : 25800,
         "max" : 2.0,
         "mean" : 2.0,
         "min" : 2.0,
         "name" : "C<sub>LIM1215</sub>(LY_ms)",
         "portion" : 0.1433333333333333
      },
      {
         "count" : 0,
         "max" : 2.225073858507201e-308,
         "mean" : 0.0,
         "min" : 1.797693134862316e+308,
         "name" : "C<sub>LIM1215</sub>(IGF1_LY)",
         "portion" : 0.0
      },
      {
         "count" : 0,
         "max" : 2.225073858507201e-308,
         "mean" : 0.0,
         "min" : 1.797693134862316e+308,
         "name" : "C<sub>LIM1215</sub>(IGF1_LY_s)",
         "portion" : 0.0
      },
      {
         "count" : 0,
         "max" : 2.225073858507201e-308,
         "mean" : 0.0,
         "min" : 1.797693134862316e+308,
         "name" : "C<sub>LIM1215</sub>(IGF1_LY_ms)",
         "portion" : 0.0
      },
      {
         "count" : 180000,
         "max" : 5.0,
         "mean" : 5.0,
         "min" : 5.0,
         "name" : "C<sub>LIM1215</sub>(TGF_LY)",
         "portion" : 1.0
      },
      {
         "count" : 14040,
         "max" : 5.0,
         "mean" : 5.0,
         "min" : 5.0,
         "name" : "C<sub>LIM1215</sub>(TGF_LY_s)",
         "portion" : 0.0780
      },
      {
         "count" : 14040,
         "max" : 5.0,
         "mean" : 5.0,
         "min" : 5.0,
         "name" : "C<sub>LIM1215</sub>(TGF_LY_ms)",
         "portion" : 0.0780
      },
      {
         "count" : 180000,
         "max" : 4.0,
         "mean" : 4.0,
         "min" : 4.0,
         "name" : "C<sub>HCT116</sub>(IGF1)",
         "portion" : 1.0
      },
      {
         "count" : 34380,
         "max" : 4.0,
         "mean" : 4.0,
         "min" : 4.0,
         "name" : "C<sub>HCT116</sub>(IGF1_s)",
         "portion" : 0.1910
      },
      {
         "count" : 34380,
         "max" : 4.0,
         "mean" : 4.0,
         "min" : 4.0,
         "name" : "C<sub>HCT116</sub>(IGF1_ms)",
         "portion" : 0.1910
      },
      {
         "count" : 180000,
         "max" : 3.0,
         "mean" : 3.0,
         "min" : 3.0,
         "name" : "C<sub>HCT116</sub>(TGF)",
         "portion" : 1.0
      },
      {
         "count" : 34700,
         "max" : 3.0,
         "mean" : 3.0,
         "min" : 3.0,
         "name" : "C<sub>HCT116</sub>(TGF_s)",
         "portion" : 0.1927777777777778
      },
      {
         "count" : 34700,
         "max" : 3.0,
         "mean" : 3.0,
         "min" : 3.0,
         "name" : "C<sub>HCT116</sub>(TGF_ms)",
         "portion" : 0.1927777777777778
      },
      {
         "count" : 144000,
         "max" : 4.0,
         "mean" : 4.0,
         "min" : 4.0,
         "name" : "C<sub>HCT116</sub>(AZD)",
         "portion" : 0.80
      },
      {
         "count" : 51600,
         "max" : 4.0,
         "mean" : 4.0,
         "min" : 4.0,
         "name" : "C<sub>HCT116</sub>(AZD_s)",
         "portion" : 0.2866666666666667
      },
      {
         "count" : 51600,
         "max" : 4.0,
         "mean" : 4.0,
         "min" : 4.0,
         "name" : "C<sub>HCT116</sub>(AZD_ms)",
         "portion" : 0.2866666666666667
      },
      {
         "count" : 180000,
         "max" : 6.0,
         "mean" : 6.0,
         "min" : 6.0,
         "name" : "C<sub>HCT116</sub>(IGF1_AZD)",
         "portion" : 1.0
      },
      {
         "count" : 32220,
         "max" : 6.0,
         "mean" : 6.0,
         "min" : 6.0,
         "name" : "C<sub>HCT116</sub>(IGF1_AZD_s)",
         "portion" : 0.1790
      },
      {
         "count" : 32220,
         "max" : 6.0,
         "mean" : 6.0,
         "min" : 6.0,
         "name" : "C<sub>HCT116</sub>(IGF1_AZD_ms)",
         "portion" : 0.1790
      },
      {
         "count" : 171000,
         "max" : 5.0,
         "mean" : 5.0,
         "min" : 5.0,
         "name" : "C<sub>HCT116</sub>(TGF_AZD)",
         "portion" : 0.950
      },
      {
         "count" : 1620,
         "max" : 5.0,
         "mean" : 5.0,
         "min" : 5.0,
         "name" : "C<sub>HCT116</sub>(TGF_AZD_s)",
         "portion" : 0.008999999999999999
      },
      {
         "count" : 1620,
         "max" : 5.0,
         "mean" : 5.0,
         "min" : 5.0,
         "name" : "C<sub>HCT116</sub>(TGF_AZD_ms)",
         "portion" : 0.008999999999999999
      },
      {
         "count" : 180000,
         "max" : 2.0,
         "mean" : 2.0,
         "min" : 2.0,
         "name" : "C<sub>HCT116</sub>(LY)",
         "portion" : 1.0
      },
      {
         "count" : 111000,
         "max" : 2.0,
         "mean" : 2.0,
         "min" : 2.0,
         "name" : "C<sub>HCT116</sub>(LY_s)",
         "portion" : 0.6166666666666667
      },
      {
         "count" : 111000,
         "max" : 2.0,
         "mean" : 2.0,
         "min" : 2.0,
         "name" : "C<sub>HCT116</sub>(LY_ms)",
         "portion" : 0.6166666666666667
      },
      {
         "count" : 0,
         "max" : 2.225073858507201e-308,
         "mean" : 0.0,
         "min" : 1.797693134862316e+308,
         "name" : "C<sub>HCT116</sub>(IGF1_LY)",
         "portion" : 0.0
      },
      {
         "count" : 0,
         "max" : 2.225073858507201e-308,
         "mean" : 0.0,
         "min" : 1.797693134862316e+308,
         "name" : "C<sub>HCT116</sub>(IGF1_LY_s)",
         "portion" : 0.0
      },
      {
         "count" : 0,
         "max" : 2.225073858507201e-308,
         "mean" : 0.0,
         "min" : 1.797693134862316e+308,
         "name" : "C<sub>HCT116</sub>(IGF1_LY_ms)",
         "portion" : 0.0
      },
      {
         "count" : 163800,
         "max" : 6.0,
         "mean" : 6.0,
         "min" : 6.0,
         "name" : "C<sub>HCT116</sub>(TGF_LY)",
         "portion" : 0.910
      },
      {
         "count" : 9828,
         "max" : 6.0,
         "mean" : 6.0,
         "min" : 6.0,
         "name" : "C<sub>HCT116</sub>(TGF_LY_s)",
         "portion" : 0.05460
      },
      {
         "count" : 9828,
         "max" : 6.0,
         "mean" : 6.0,
         "min" : 6.0,
         "name" : "C<sub>HCT116</sub>(TGF_LY_ms)",
         "portion" : 0.05460
      },
      {
         "count" : 180000,
         "max" : 5.0,
         "mean" : 5.0,
         "min" : 5.0,
         "name" : "C<sub>SW403</sub>(IGF1)",
         "portion" : 1.0
      },
      {
         "count" : 27000,
         "max" : 5.0,
         "mean" : 5.0,
         "min" : 5.0,
         "name" : "C<sub>SW403</sub>(IGF1_s)",
         "portion" : 0.150
      },
      {
         "count" : 27000,
         "max" : 5.0,
         "mean" : 5.0,
         "min" : 5.0,
         "name" : "C<sub>SW403</sub>(IGF1_ms)",
         "portion" : 0.150
      },
      {
         "count" : 180000,
         "max" : 5.0,
         "mean" : 5.0,
         "min" : 5.0,
         "name" : "C<sub>SW403</sub>(TGF)",
         "portion" : 1.0
      },
      {
         "count" : 18500,
         "max" : 5.0,
         "mean" : 5.0,
         "min" : 5.0,
         "name" : "C<sub>SW403</sub>(TGF_s)",
         "portion" : 0.1027777777777778
      },
      {
         "count" : 18500,
         "max" : 5.0,
         "mean" : 5.0,
         "min" : 5.0,
         "name" : "C<sub>SW403</sub>(TGF_ms)",
         "portion" : 0.1027777777777778
      },
      {
         "count" : 180000,
         "max" : 2.0,
         "mean" : 2.0,
         "min" : 2.0,
         "name" : "C<sub>SW403</sub>(AZD)",
         "portion" : 1.0
      },
      {
         "count" : 180000,
         "max" : 2.0,
         "mean" : 2.0,
         "min" : 2.0,
         "name" : "C<sub>SW403</sub>(AZD_s)",
         "portion" : 1.0
      },
      {
         "count" : 180000,
         "max" : 2.0,
         "mean" : 2.0,
         "min" : 2.0,
         "name" : "C<sub>SW403</sub>(AZD_ms)",
         "portion" : 1.0
      },
      {
         "count" : 180000,
         "max" : 6.0,
         "mean" : 6.0,
         "min" : 6.0,
         "name" : "C<sub>SW403</sub>(IGF1_AZD)",
         "portion" : 1.0
      },
      {
         "count" : 32220,
         "max" : 6.0,
         "mean" : 6.0,
         "min" : 6.0,
         "name" : "C<sub>SW403</sub>(IGF1_AZD_s)",
         "portion" : 0.1790
      },
      {
         "count" : 32220,
         "max" : 6.0,
         "mean" : 6.0,
         "min" : 6.0,
         "name" : "C<sub>SW403</sub>(IGF1_AZD_ms)",
         "portion" : 0.1790
      },
      {
         "count" : 180000,
         "max" : 4.0,
         "mean" : 4.0,
         "min" : 4.0,
         "name" : "C<sub>SW403</sub>(TGF_AZD)",
         "portion" : 1.0
      },
      {
         "count" : 50400,
         "max" : 4.0,
         "mean" : 4.0,
         "min" : 4.0,
         "name" : "C<sub>SW403</sub>(TGF_AZD_s)",
         "portion" : 0.280
      },
      {
         "count" : 50400,
         "max" : 4.0,
         "mean" : 4.0,
         "min" : 4.0,
         "name" : "C<sub>SW403</sub>(TGF_AZD_ms)",
         "portion" : 0.280
      },
      {
         "count" : 180000,
         "max" : 2.0,
         "mean" : 2.0,
         "min" : 2.0,
         "name" : "C<sub>SW403</sub>(LY)",
         "portion" : 1.0
      },
      {
         "count" : 111000,
         "max" : 2.0,
         "mean" : 2.0,
         "min" : 2.0,
         "name" : "C<sub>SW403</sub>(LY_s)",
         "portion" : 0.6166666666666667
      },
      {
         "count" : 111000,
         "max" : 2.0,
         "mean" : 2.0,
         "min" : 2.0,
         "name" : "C<sub>SW403</sub>(LY_ms)",
         "portion" : 0.6166666666666667
      },
      {
         "count" : 0,
         "max" : 2.225073858507201e-308,
         "mean" : 0.0,
         "min" : 1.797693134862316e+308,
         "name" : "C<sub>SW403</sub>(IGF1_LY)",
         "portion" : 0.0
      },
      {
         "count" : 0,
         "max" : 2.225073858507201e-308,
         "mean" : 0.0,
         "min" : 1.797693134862316e+308,
         "name" : "C<sub>SW403</sub>(IGF1_LY_s)",
         "portion" : 0.0
      },
      {
         "count" : 0,
         "max" : 2.225073858507201e-308,
         "mean" : 0.0,
         "min" : 1.797693134862316e+308,
         "name" : "C<sub>SW403</sub>(IGF1_LY_ms)",
         "portion" : 0.0
      },
      {
         "count" : 180000,
         "max" : 5.0,
         "mean" : 5.0,
         "min" : 5.0,
         "name" : "C<sub>SW403</sub>(TGF_LY)",
         "portion" : 1.0
      },
      {
         "count" : 23400,
         "max" : 5.0,
         "mean" : 5.0,
         "min" : 5.0,
         "name" : "C<sub>SW403</sub>(TGF_LY_s)",
         "portion" : 0.130
      },
      {
         "count" : 23400,
         "max" : 5.0,
         "mean" : 5.0,
         "min" : 5.0,
         "name" : "C<sub>SW403</sub>(TGF_LY_ms)",
         "portion" : 0.130
      },
      {
         "count" : 180000,
         "max" : 4.0,
         "mean" : 4.0,
         "min" : 4.0,
         "name" : "C<sub>SW480</sub>(IGF1)",
         "portion" : 1.0
      },
      {
         "count" : 34380,
         "max" : 4.0,
         "mean" : 4.0,
         "min" : 4.0,
         "name" : "C<sub>SW480</sub>(IGF1_s)",
         "portion" : 0.1910
      },
      {
         "count" : 34380,
         "max" : 4.0,
         "mean" : 4.0,
         "min" : 4.0,
         "name" : "C<sub>SW480</sub>(IGF1_ms)",
         "portion" : 0.1910
      },
      {
         "count" : 171000,
         "max" : 7.0,
         "mean" : 7.0,
         "min" : 7.0,
         "name" : "C<sub>SW480</sub>(TGF)",
         "portion" : 0.950
      },
      {
         "count" : 5550,
         "max" : 7.0,
         "mean" : 7.0,
         "min" : 7.0,
         "name" : "C<sub>SW480</sub>(TGF_s)",
         "portion" : 0.03083333333333333
      },
      {
         "count" : 5550,
         "max" : 7.0,
         "mean" : 7.0,
         "min" : 7.0,
         "name" : "C<sub>SW480</sub>(TGF_ms)",
         "portion" : 0.03083333333333333
      },
      {
         "count" : 144000,
         "max" : 2.0,
         "mean" : 2.0,
         "min" : 2.0,
         "name" : "C<sub>SW480</sub>(AZD)",
         "portion" : 0.80
      },
      {
         "count" : 124000,
         "max" : 2.0,
         "mean" : 2.0,
         "min" : 2.0,
         "name" : "C<sub>SW480</sub>(AZD_s)",
         "portion" : 0.6888888888888889
      },
      {
         "count" : 124000,
         "max" : 2.0,
         "mean" : 2.0,
         "min" : 2.0,
         "name" : "C<sub>SW480</sub>(AZD_ms)",
         "portion" : 0.6888888888888889
      },
      {
         "count" : 180000,
         "max" : 3.0,
         "mean" : 3.0,
         "min" : 3.0,
         "name" : "C<sub>SW480</sub>(IGF1_AZD)",
         "portion" : 1.0
      },
      {
         "count" : 66000,
         "max" : 3.0,
         "mean" : 3.0,
         "min" : 3.0,
         "name" : "C<sub>SW480</sub>(IGF1_AZD_s)",
         "portion" : 0.3666666666666666
      },
      {
         "count" : 66000,
         "max" : 3.0,
         "mean" : 3.0,
         "min" : 3.0,
         "name" : "C<sub>SW480</sub>(IGF1_AZD_ms)",
         "portion" : 0.3666666666666666
      },
      {
         "count" : 180000,
         "max" : 5.0,
         "mean" : 5.0,
         "min" : 5.0,
         "name" : "C<sub>SW480</sub>(TGF_AZD)",
         "portion" : 1.0
      },
      {
         "count" : 22680,
         "max" : 5.0,
         "mean" : 5.0,
         "min" : 5.0,
         "name" : "C<sub>SW480</sub>(TGF_AZD_s)",
         "portion" : 0.1260
      },
      {
         "count" : 22680,
         "max" : 5.0,
         "mean" : 5.0,
         "min" : 5.0,
         "name" : "C<sub>SW480</sub>(TGF_AZD_ms)",
         "portion" : 0.1260
      },
      {
         "count" : 180000,
         "max" : 2.0,
         "mean" : 2.0,
         "min" : 2.0,
         "name" : "C<sub>SW480</sub>(LY)",
         "portion" : 1.0
      },
      {
         "count" : 111000,
         "max" : 2.0,
         "mean" : 2.0,
         "min" : 2.0,
         "name" : "C<sub>SW480</sub>(LY_s)",
         "portion" : 0.6166666666666667
      },
      {
         "count" : 111000,
         "max" : 2.0,
         "mean" : 2.0,
         "min" : 2.0,
         "name" : "C<sub>SW480</sub>(LY_ms)",
         "portion" : 0.6166666666666667
      },
      {
         "count" : 0,
         "max" : 2.225073858507201e-308,
         "mean" : 0.0,
         "min" : 1.797693134862316e+308,
         "name" : "C<sub>SW480</sub>(IGF1_LY)",
         "portion" : 0.0
      },
      {
         "count" : 0,
         "max" : 2.225073858507201e-308,
         "mean" : 0.0,
         "min" : 1.797693134862316e+308,
         "name" : "C<sub>SW480</sub>(IGF1_LY_s)",
         "portion" : 0.0
      },
      {
         "count" : 0,
         "max" : 2.225073858507201e-308,
         "mean" : 0.0,
         "min" : 1.797693134862316e+308,
         "name" : "C<sub>SW480</sub>(IGF1_LY_ms)",
         "portion" : 0.0
      },
      {
         "count" : 180000,
         "max" : 6.0,
         "mean" : 6.0,
         "min" : 6.0,
         "name" : "C<sub>SW480</sub>(TGF_LY)",
         "portion" : 1.0
      },
      {
         "count" : 14040,
         "max" : 6.0,
         "mean" : 6.0,
         "min" : 6.0,
         "name" : "C<sub>SW480</sub>(TGF_LY_s)",
         "portion" : 0.0780
      },
      {
         "count" : 14040,
         "max" : 6.0,
         "mean" : 6.0,
         "min" : 6.0,
         "name" : "C<sub>SW480</sub>(TGF_LY_ms)",
         "portion" : 0.0780
      },
      {
         "count" : 180000,
         "max" : 3.0,
         "mean" : 3.0,
         "min" : 3.0,
         "name" : "C<sub>HT29</sub>(IGF1)",
         "portion" : 1.0
      },
      {
         "count" : 39300,
         "max" : 3.0,
         "mean" : 3.0,
         "min" : 3.0,
         "name" : "C<sub>HT29</sub>(IGF1_s)",
         "portion" : 0.2183333333333333
      },
      {
         "count" : 39300,
         "max" : 3.0,
         "mean" : 3.0,
         "min" : 3.0,
         "name" : "C<sub>HT29</sub>(IGF1_ms)",
         "portion" : 0.2183333333333333
      },
      {
         "count" : 171000,
         "max" : 7.0,
         "mean" : 7.0,
         "min" : 7.0,
         "name" : "C<sub>HT29</sub>(TGF)",
         "portion" : 0.950
      },
      {
         "count" : 5550,
         "max" : 7.0,
         "mean" : 7.0,
         "min" : 7.0,
         "name" : "C<sub>HT29</sub>(TGF_s)",
         "portion" : 0.03083333333333333
      },
      {
         "count" : 5550,
         "max" : 7.0,
         "mean" : 7.0,
         "min" : 7.0,
         "name" : "C<sub>HT29</sub>(TGF_ms)",
         "portion" : 0.03083333333333333
      },
      {
         "count" : 180000,
         "max" : 2.0,
         "mean" : 2.0,
         "min" : 2.0,
         "name" : "C<sub>HT29</sub>(AZD)",
         "portion" : 1.0
      },
      {
         "count" : 180000,
         "max" : 2.0,
         "mean" : 2.0,
         "min" : 2.0,
         "name" : "C<sub>HT29</sub>(AZD_s)",
         "portion" : 1.0
      },
      {
         "count" : 180000,
         "max" : 2.0,
         "mean" : 2.0,
         "min" : 2.0,
         "name" : "C<sub>HT29</sub>(AZD_ms)",
         "portion" : 1.0
      },
      {
         "count" : 180000,
         "max" : 5.0,
         "mean" : 5.0,
         "min" : 5.0,
         "name" : "C<sub>HT29</sub>(IGF1_AZD)",
         "portion" : 1.0
      },
      {
         "count" : 39600,
         "max" : 5.0,
         "mean" : 5.0,
         "min" : 5.0,
         "name" : "C<sub>HT29</sub>(IGF1_AZD_s)",
         "portion" : 0.220
      },
      {
         "count" : 39600,
         "max" : 5.0,
         "mean" : 5.0,
         "min" : 5.0,
         "name" : "C<sub>HT29</sub>(IGF1_AZD_ms)",
         "portion" : 0.220
      },
      {
         "count" : 0,
         "max" : 2.225073858507201e-308,
         "mean" : 0.0,
         "min" : 1.797693134862316e+308,
         "name" : "C<sub>HT29</sub>(TGF_AZD)",
         "portion" : 0.0
      },
      {
         "count" : 0,
         "max" : 2.225073858507201e-308,
         "mean" : 0.0,
         "min" : 1.797693134862316e+308,
         "name" : "C<sub>HT29</sub>(TGF_AZD_s)",
         "portion" : 0.0
      },
      {
         "count" : 0,
         "max" : 2.225073858507201e-308,
         "mean" : 0.0,
         "min" : 1.797693134862316e+308,
         "name" : "C<sub>HT29</sub>(TGF_AZD_ms)",
         "portion" : 0.0
      },
      {
         "count" : 180000,
         "max" : 2.0,
         "mean" : 2.0,
         "min" : 2.0,
         "name" : "C<sub>HT29</sub>(LY)",
         "portion" : 1.0
      },
      {
         "count" : 111000,
         "max" : 2.0,
         "mean" : 2.0,
         "min" : 2.0,
         "name" : "C<sub>HT29</sub>(LY_s)",
         "portion" : 0.6166666666666667
      },
      {
         "count" : 111000,
         "max" : 2.0,
         "mean" : 2.0,
         "min" : 2.0,
         "name" : "C<sub>HT29</sub>(LY_ms)",
         "portion" : 0.6166666666666667
      },
      {
         "count" : 180000,
         "max" : 1.0,
         "mean" : 1.0,
         "min" : 1.0,
         "name" : "C<sub>HT29</sub>(IGF1_LY)",
         "portion" : 1.0
      },
      {
         "count" : 93000,
         "max" : 1.0,
         "mean" : 1.0,
         "min" : 1.0,
         "name" : "C<sub>HT29</sub>(IGF1_LY_s)",
         "portion" : 0.5166666666666667
      },
      {
         "count" : 93000,
         "max" : 1.0,
         "mean" : 1.0,
         "min" : 1.0,
         "name" : "C<sub>HT29</sub>(IGF1_LY_ms)",
         "portion" : 0.5166666666666667
      },
      {
         "count" : 142200,
         "max" : 6.0,
         "mean" : 6.0,
         "min" : 6.0,
         "name" : "C<sub>HT29</sub>(TGF_LY)",
         "portion" : 0.790
      },
      {
         "count" : 9828,
         "max" : 6.0,
         "mean" : 6.0,
         "min" : 6.0,
         "name" : "C<sub>HT29</sub>(TGF_LY_s)",
         "portion" : 0.05460
      },
      {
         "count" : 9828,
         "max" : 6.0,
         "mean" : 6.0,
         "min" : 6.0,
         "name" : "C<sub>HT29</sub>(TGF_LY_ms)",
         "portion" : 0.05460
      }
   ],
   "setup" : {
      "date" : "Thu Apr 23 14:10:49 2015",
      "model" : "EGFR_full",
      "s_name" : "LIM1215",
      "select" : " WHERE (C_LIM1215_TGF IS NOT NULL AND C_LIM1215_IGF1 IS NOT NULL AND C_LIM1215_IGF1_AZD IS NOT NULL AND C_LIM1215_AZD IS NOT NULL AND C_LIM1215_LY IS NOT NULL AND C_LIM1215_TGF_LY IS NOT NULL)",
      "size" : 180000
   }
}

