{
   "records" : [
      {
         "count" : 840,
         "max" : 2.225073858507201e-308,
         "mean" : 0.0,
         "min" : 0.0,
         "name" : "K<sub>AKT</sub>(00)",
         "portion" : 1.0
      },
      {
         "count" : 840,
         "max" : 1.0,
         "mean" : 1.0,
         "min" : 1.0,
         "name" : "K<sub>AKT</sub>(01)",
         "portion" : 1.0
      },
      {
         "count" : 840,
         "max" : 2.225073858507201e-308,
         "mean" : 0.0,
         "min" : 0.0,
         "name" : "K<sub>AKT</sub>(10)",
         "portion" : 1.0
      },
      {
         "count" : 840,
         "max" : 2.225073858507201e-308,
         "mean" : 0.0,
         "min" : 0.0,
         "name" : "K<sub>AKT</sub>(11)",
         "portion" : 1.0
      },
      {
         "count" : 840,
         "max" : 2.225073858507201e-308,
         "mean" : 0.0,
         "min" : 0.0,
         "name" : "K<sub>AZD</sub>(0)",
         "portion" : 1.0
      },
      {
         "count" : 840,
         "max" : 1.0,
         "mean" : 1.0,
         "min" : 1.0,
         "name" : "K<sub>AZD</sub>(1)",
         "portion" : 1.0
      },
      {
         "count" : 840,
         "max" : 1.0,
         "mean" : 0.2857142857142857,
         "min" : 0.0,
         "name" : "K<sub>EGFR</sub>(00)",
         "portion" : 1.0
      },
      {
         "count" : 840,
         "max" : 1.0,
         "mean" : 1.0,
         "min" : 1.0,
         "name" : "K<sub>EGFR</sub>(01)",
         "portion" : 1.0
      },
      {
         "count" : 840,
         "max" : 2.225073858507201e-308,
         "mean" : 0.0,
         "min" : 0.0,
         "name" : "K<sub>EGFR</sub>(10)",
         "portion" : 1.0
      },
      {
         "count" : 840,
         "max" : 1.0,
         "mean" : 0.8571428571428571,
         "min" : 0.0,
         "name" : "K<sub>EGFR</sub>(11)",
         "portion" : 1.0
      },
      {
         "count" : 840,
         "max" : 2.225073858507201e-308,
         "mean" : 0.0,
         "min" : 0.0,
         "name" : "K<sub>ERK</sub>(00)",
         "portion" : 1.0
      },
      {
         "count" : 840,
         "max" : 1.0,
         "mean" : 1.0,
         "min" : 1.0,
         "name" : "K<sub>ERK</sub>(01)",
         "portion" : 1.0
      },
      {
         "count" : 840,
         "max" : 2.225073858507201e-308,
         "mean" : 0.0,
         "min" : 0.0,
         "name" : "K<sub>ERK</sub>(10)",
         "portion" : 1.0
      },
      {
         "count" : 840,
         "max" : 2.225073858507201e-308,
         "mean" : 0.0,
         "min" : 0.0,
         "name" : "K<sub>ERK</sub>(11)",
         "portion" : 1.0
      },
      {
         "count" : 840,
         "max" : 1.0,
         "mean" : 0.3333333333333333,
         "min" : 0.0,
         "name" : "K<sub>GSK3</sub>(00)",
         "portion" : 1.0
      },
      {
         "count" : 840,
         "max" : 1.0,
         "mean" : 0.6666666666666666,
         "min" : 0.0,
         "name" : "K<sub>GSK3</sub>(01)",
         "portion" : 1.0
      },
      {
         "count" : 840,
         "max" : 1.0,
         "mean" : 1.0,
         "min" : 1.0,
         "name" : "K<sub>GSK3</sub>(10)",
         "portion" : 1.0
      },
      {
         "count" : 840,
         "max" : 1.0,
         "mean" : 1.0,
         "min" : 1.0,
         "name" : "K<sub>GSK3</sub>(11)",
         "portion" : 1.0
      },
      {
         "count" : 840,
         "max" : 2.225073858507201e-308,
         "mean" : 0.0,
         "min" : 0.0,
         "name" : "K<sub>IGFIR</sub>(0)",
         "portion" : 1.0
      },
      {
         "count" : 840,
         "max" : 1.0,
         "mean" : 1.0,
         "min" : 1.0,
         "name" : "K<sub>IGFIR</sub>(1)",
         "portion" : 1.0
      },
      {
         "count" : 840,
         "max" : 1.0,
         "mean" : 0.70,
         "min" : 0.0,
         "name" : "K<sub>IRS1</sub>(000)",
         "portion" : 1.0
      },
      {
         "count" : 840,
         "max" : 1.0,
         "mean" : 0.30,
         "min" : 0.0,
         "name" : "K<sub>IRS1</sub>(001)",
         "portion" : 1.0
      },
      {
         "count" : 840,
         "max" : 1.0,
         "mean" : 0.950,
         "min" : 0.0,
         "name" : "K<sub>IRS1</sub>(010)",
         "portion" : 1.0
      },
      {
         "count" : 840,
         "max" : 1.0,
         "mean" : 0.70,
         "min" : 0.0,
         "name" : "K<sub>IRS1</sub>(011)",
         "portion" : 1.0
      },
      {
         "count" : 840,
         "max" : 1.0,
         "mean" : 0.30,
         "min" : 0.0,
         "name" : "K<sub>IRS1</sub>(100)",
         "portion" : 1.0
      },
      {
         "count" : 840,
         "max" : 1.0,
         "mean" : 0.050,
         "min" : 0.0,
         "name" : "K<sub>IRS1</sub>(101)",
         "portion" : 1.0
      },
      {
         "count" : 840,
         "max" : 1.0,
         "mean" : 0.70,
         "min" : 0.0,
         "name" : "K<sub>IRS1</sub>(110)",
         "portion" : 1.0
      },
      {
         "count" : 840,
         "max" : 1.0,
         "mean" : 0.30,
         "min" : 0.0,
         "name" : "K<sub>IRS1</sub>(111)",
         "portion" : 1.0
      },
      {
         "count" : 840,
         "max" : 2.225073858507201e-308,
         "mean" : 0.0,
         "min" : 0.0,
         "name" : "K<sub>LY</sub>(0)",
         "portion" : 1.0
      },
      {
         "count" : 840,
         "max" : 1.0,
         "mean" : 1.0,
         "min" : 1.0,
         "name" : "K<sub>LY</sub>(1)",
         "portion" : 1.0
      },
      {
         "count" : 840,
         "max" : 2.225073858507201e-308,
         "mean" : 0.0,
         "min" : 0.0,
         "name" : "K<sub>MEK</sub>(0)",
         "portion" : 1.0
      },
      {
         "count" : 840,
         "max" : 1.0,
         "mean" : 1.0,
         "min" : 1.0,
         "name" : "K<sub>MEK</sub>(1)",
         "portion" : 1.0
      },
      {
         "count" : 840,
         "max" : 1.0,
         "mean" : 0.5714285714285714,
         "min" : 0.0,
         "name" : "K<sub>PI3K</sub>(00)",
         "portion" : 1.0
      },
      {
         "count" : 840,
         "max" : 1.0,
         "mean" : 1.0,
         "min" : 1.0,
         "name" : "K<sub>PI3K</sub>(01)",
         "portion" : 1.0
      },
      {
         "count" : 840,
         "max" : 1.0,
         "mean" : 1.0,
         "min" : 1.0,
         "name" : "K<sub>PI3K</sub>(10)",
         "portion" : 1.0
      },
      {
         "count" : 840,
         "max" : 1.0,
         "mean" : 1.0,
         "min" : 1.0,
         "name" : "K<sub>PI3K</sub>(11)",
         "portion" : 1.0
      },
      {
         "count" : 840,
         "max" : 1.0,
         "mean" : 0.7142857142857143,
         "min" : 0.0,
         "name" : "K<sub>RAF</sub>(000)",
         "portion" : 1.0
      },
      {
         "count" : 840,
         "max" : 1.0,
         "mean" : 1.0,
         "min" : 1.0,
         "name" : "K<sub>RAF</sub>(001)",
         "portion" : 1.0
      },
      {
         "count" : 840,
         "max" : 1.0,
         "mean" : 0.7142857142857143,
         "min" : 0.0,
         "name" : "K<sub>RAF</sub>(010)",
         "portion" : 1.0
      },
      {
         "count" : 840,
         "max" : 1.0,
         "mean" : 1.0,
         "min" : 1.0,
         "name" : "K<sub>RAF</sub>(011)",
         "portion" : 1.0
      },
      {
         "count" : 840,
         "max" : 1.0,
         "mean" : 1.0,
         "min" : 1.0,
         "name" : "K<sub>RAF</sub>(100)",
         "portion" : 1.0
      },
      {
         "count" : 840,
         "max" : 1.0,
         "mean" : 1.0,
         "min" : 1.0,
         "name" : "K<sub>RAF</sub>(101)",
         "portion" : 1.0
      },
      {
         "count" : 840,
         "max" : 1.0,
         "mean" : 1.0,
         "min" : 1.0,
         "name" : "K<sub>RAF</sub>(110)",
         "portion" : 1.0
      },
      {
         "count" : 840,
         "max" : 1.0,
         "mean" : 1.0,
         "min" : 1.0,
         "name" : "K<sub>RAF</sub>(111)",
         "portion" : 1.0
      },
      {
         "count" : 840,
         "max" : 2.225073858507201e-308,
         "mean" : 0.0,
         "min" : 0.0,
         "name" : "K<sub>TGFa</sub>(0)",
         "portion" : 1.0
      },
      {
         "count" : 840,
         "max" : 1.0,
         "mean" : 1.0,
         "min" : 1.0,
         "name" : "K<sub>TGFa</sub>(1)",
         "portion" : 1.0
      },
      {
         "count" : 840,
         "max" : 1.0,
         "mean" : 0.50,
         "min" : 0.0,
         "name" : "K<sub>p70S6K</sub>(00)",
         "portion" : 1.0
      },
      {
         "count" : 840,
         "max" : 1.0,
         "mean" : 1.0,
         "min" : 1.0,
         "name" : "K<sub>p70S6K</sub>(01)",
         "portion" : 1.0
      },
      {
         "count" : 840,
         "max" : 1.0,
         "mean" : 1.0,
         "min" : 1.0,
         "name" : "K<sub>p70S6K</sub>(10)",
         "portion" : 1.0
      },
      {
         "count" : 840,
         "max" : 1.0,
         "mean" : 1.0,
         "min" : 1.0,
         "name" : "K<sub>p70S6K</sub>(11)",
         "portion" : 1.0
      },
      {
         "count" : 840,
         "max" : 4.0,
         "mean" : 4.0,
         "min" : 4.0,
         "name" : "C<sub>LIM1215</sub>(IGF1_m)",
         "portion" : 1.0
      },
      {
         "count" : 840,
         "max" : 6.0,
         "mean" : 6.0,
         "min" : 6.0,
         "name" : "C<sub>LIM1215</sub>(TGF_m)",
         "portion" : 1.0
      },
      {
         "count" : 840,
         "max" : 3.0,
         "mean" : 3.0,
         "min" : 3.0,
         "name" : "C<sub>LIM1215</sub>(AZD_m)",
         "portion" : 1.0
      },
      {
         "count" : 840,
         "max" : 6.0,
         "mean" : 6.0,
         "min" : 6.0,
         "name" : "C<sub>LIM1215</sub>(IGF1_AZD_m)",
         "portion" : 1.0
      },
      {
         "count" : 0,
         "max" : 2.225073858507201e-308,
         "mean" : 0.0,
         "min" : 1.797693134862316e+308,
         "name" : "C<sub>LIM1215</sub>(TGF_AZD_m)",
         "portion" : 0.0
      },
      {
         "count" : 840,
         "max" : 2.0,
         "mean" : 2.0,
         "min" : 2.0,
         "name" : "C<sub>LIM1215</sub>(LY_m)",
         "portion" : 1.0
      },
      {
         "count" : 0,
         "max" : 2.225073858507201e-308,
         "mean" : 0.0,
         "min" : 1.797693134862316e+308,
         "name" : "C<sub>LIM1215</sub>(IGF1_LY_m)",
         "portion" : 0.0
      },
      {
         "count" : 840,
         "max" : 5.0,
         "mean" : 5.0,
         "min" : 5.0,
         "name" : "C<sub>LIM1215</sub>(TGF_LY_m)",
         "portion" : 1.0
      },
      {
         "count" : 840,
         "max" : 4.0,
         "mean" : 4.0,
         "min" : 4.0,
         "name" : "C<sub>HCT116</sub>(IGF1_m)",
         "portion" : 1.0
      },
      {
         "count" : 840,
         "max" : 3.0,
         "mean" : 3.0,
         "min" : 3.0,
         "name" : "C<sub>HCT116</sub>(TGF_m)",
         "portion" : 1.0
      },
      {
         "count" : 420,
         "max" : 4.0,
         "mean" : 4.0,
         "min" : 4.0,
         "name" : "C<sub>HCT116</sub>(AZD_m)",
         "portion" : 0.50
      },
      {
         "count" : 840,
         "max" : 6.0,
         "mean" : 6.0,
         "min" : 6.0,
         "name" : "C<sub>HCT116</sub>(IGF1_AZD_m)",
         "portion" : 1.0
      },
      {
         "count" : 798,
         "max" : 5.0,
         "mean" : 5.0,
         "min" : 5.0,
         "name" : "C<sub>HCT116</sub>(TGF_AZD_m)",
         "portion" : 0.950
      },
      {
         "count" : 840,
         "max" : 2.0,
         "mean" : 2.0,
         "min" : 2.0,
         "name" : "C<sub>HCT116</sub>(LY_m)",
         "portion" : 1.0
      },
      {
         "count" : 0,
         "max" : 2.225073858507201e-308,
         "mean" : 0.0,
         "min" : 1.797693134862316e+308,
         "name" : "C<sub>HCT116</sub>(IGF1_LY_m)",
         "portion" : 0.0
      },
      {
         "count" : 798,
         "max" : 6.0,
         "mean" : 6.0,
         "min" : 6.0,
         "name" : "C<sub>HCT116</sub>(TGF_LY_m)",
         "portion" : 0.950
      },
      {
         "count" : 840,
         "max" : 5.0,
         "mean" : 5.0,
         "min" : 5.0,
         "name" : "C<sub>SW403</sub>(IGF1_m)",
         "portion" : 1.0
      },
      {
         "count" : 840,
         "max" : 5.0,
         "mean" : 5.0,
         "min" : 5.0,
         "name" : "C<sub>SW403</sub>(TGF_m)",
         "portion" : 1.0
      },
      {
         "count" : 840,
         "max" : 2.0,
         "mean" : 2.0,
         "min" : 2.0,
         "name" : "C<sub>SW403</sub>(AZD_m)",
         "portion" : 1.0
      },
      {
         "count" : 840,
         "max" : 6.0,
         "mean" : 6.0,
         "min" : 6.0,
         "name" : "C<sub>SW403</sub>(IGF1_AZD_m)",
         "portion" : 1.0
      },
      {
         "count" : 840,
         "max" : 4.0,
         "mean" : 4.0,
         "min" : 4.0,
         "name" : "C<sub>SW403</sub>(TGF_AZD_m)",
         "portion" : 1.0
      },
      {
         "count" : 840,
         "max" : 2.0,
         "mean" : 2.0,
         "min" : 2.0,
         "name" : "C<sub>SW403</sub>(LY_m)",
         "portion" : 1.0
      },
      {
         "count" : 0,
         "max" : 2.225073858507201e-308,
         "mean" : 0.0,
         "min" : 1.797693134862316e+308,
         "name" : "C<sub>SW403</sub>(IGF1_LY_m)",
         "portion" : 0.0
      },
      {
         "count" : 840,
         "max" : 5.0,
         "mean" : 5.0,
         "min" : 5.0,
         "name" : "C<sub>SW403</sub>(TGF_LY_m)",
         "portion" : 1.0
      },
      {
         "count" : 840,
         "max" : 4.0,
         "mean" : 4.0,
         "min" : 4.0,
         "name" : "C<sub>SW480</sub>(IGF1_m)",
         "portion" : 1.0
      },
      {
         "count" : 798,
         "max" : 7.0,
         "mean" : 7.0,
         "min" : 7.0,
         "name" : "C<sub>SW480</sub>(TGF_m)",
         "portion" : 0.950
      },
      {
         "count" : 420,
         "max" : 2.0,
         "mean" : 2.0,
         "min" : 2.0,
         "name" : "C<sub>SW480</sub>(AZD_m)",
         "portion" : 0.50
      },
      {
         "count" : 840,
         "max" : 3.0,
         "mean" : 3.0,
         "min" : 3.0,
         "name" : "C<sub>SW480</sub>(IGF1_AZD_m)",
         "portion" : 1.0
      },
      {
         "count" : 840,
         "max" : 5.0,
         "mean" : 5.0,
         "min" : 5.0,
         "name" : "C<sub>SW480</sub>(TGF_AZD_m)",
         "portion" : 1.0
      },
      {
         "count" : 840,
         "max" : 2.0,
         "mean" : 2.0,
         "min" : 2.0,
         "name" : "C<sub>SW480</sub>(LY_m)",
         "portion" : 1.0
      },
      {
         "count" : 0,
         "max" : 2.225073858507201e-308,
         "mean" : 0.0,
         "min" : 1.797693134862316e+308,
         "name" : "C<sub>SW480</sub>(IGF1_LY_m)",
         "portion" : 0.0
      },
      {
         "count" : 840,
         "max" : 6.0,
         "mean" : 6.0,
         "min" : 6.0,
         "name" : "C<sub>SW480</sub>(TGF_LY_m)",
         "portion" : 1.0
      },
      {
         "count" : 840,
         "max" : 3.0,
         "mean" : 3.0,
         "min" : 3.0,
         "name" : "C<sub>HT29</sub>(IGF1_m)",
         "portion" : 1.0
      },
      {
         "count" : 798,
         "max" : 7.0,
         "mean" : 7.0,
         "min" : 7.0,
         "name" : "C<sub>HT29</sub>(TGF_m)",
         "portion" : 0.950
      },
      {
         "count" : 840,
         "max" : 2.0,
         "mean" : 2.0,
         "min" : 2.0,
         "name" : "C<sub>HT29</sub>(AZD_m)",
         "portion" : 1.0
      },
      {
         "count" : 840,
         "max" : 5.0,
         "mean" : 5.0,
         "min" : 5.0,
         "name" : "C<sub>HT29</sub>(IGF1_AZD_m)",
         "portion" : 1.0
      },
      {
         "count" : 0,
         "max" : 2.225073858507201e-308,
         "mean" : 0.0,
         "min" : 1.797693134862316e+308,
         "name" : "C<sub>HT29</sub>(TGF_AZD_m)",
         "portion" : 0.0
      },
      {
         "count" : 840,
         "max" : 2.0,
         "mean" : 2.0,
         "min" : 2.0,
         "name" : "C<sub>HT29</sub>(LY_m)",
         "portion" : 1.0
      },
      {
         "count" : 840,
         "max" : 1.0,
         "mean" : 1.0,
         "min" : 1.0,
         "name" : "C<sub>HT29</sub>(IGF1_LY_m)",
         "portion" : 1.0
      },
      {
         "count" : 728,
         "max" : 6.0,
         "mean" : 6.0,
         "min" : 6.0,
         "name" : "C<sub>HT29</sub>(TGF_LY_m)",
         "portion" : 0.8666666666666667
      },
      {
         "count" : 840,
         "max" : 4.0,
         "mean" : 4.0,
         "min" : 4.0,
         "name" : "C<sub>LIM1215</sub>(IGF1)",
         "portion" : 1.0
      },
      {
         "count" : 840,
         "max" : 4.0,
         "mean" : 4.0,
         "min" : 4.0,
         "name" : "C<sub>LIM1215</sub>(IGF1_s)",
         "portion" : 1.0
      },
      {
         "count" : 840,
         "max" : 4.0,
         "mean" : 4.0,
         "min" : 4.0,
         "name" : "C<sub>LIM1215</sub>(IGF1_ms)",
         "portion" : 1.0
      },
      {
         "count" : 840,
         "max" : 6.0,
         "mean" : 6.0,
         "min" : 6.0,
         "name" : "C<sub>LIM1215</sub>(TGF)",
         "portion" : 1.0
      },
      {
         "count" : 840,
         "max" : 6.0,
         "mean" : 6.0,
         "min" : 6.0,
         "name" : "C<sub>LIM1215</sub>(TGF_s)",
         "portion" : 1.0
      },
      {
         "count" : 840,
         "max" : 6.0,
         "mean" : 6.0,
         "min" : 6.0,
         "name" : "C<sub>LIM1215</sub>(TGF_ms)",
         "portion" : 1.0
      },
      {
         "count" : 840,
         "max" : 3.0,
         "mean" : 3.0,
         "min" : 3.0,
         "name" : "C<sub>LIM1215</sub>(AZD)",
         "portion" : 1.0
      },
      {
         "count" : 600,
         "max" : 3.0,
         "mean" : 3.0,
         "min" : 3.0,
         "name" : "C<sub>LIM1215</sub>(AZD_s)",
         "portion" : 0.7142857142857143
      },
      {
         "count" : 600,
         "max" : 3.0,
         "mean" : 3.0,
         "min" : 3.0,
         "name" : "C<sub>LIM1215</sub>(AZD_ms)",
         "portion" : 0.7142857142857143
      },
      {
         "count" : 840,
         "max" : 6.0,
         "mean" : 6.0,
         "min" : 6.0,
         "name" : "C<sub>LIM1215</sub>(IGF1_AZD)",
         "portion" : 1.0
      },
      {
         "count" : 0,
         "max" : 2.225073858507201e-308,
         "mean" : 0.0,
         "min" : 1.797693134862316e+308,
         "name" : "C<sub>LIM1215</sub>(IGF1_AZD_s)",
         "portion" : 0.0
      },
      {
         "count" : 0,
         "max" : 2.225073858507201e-308,
         "mean" : 0.0,
         "min" : 1.797693134862316e+308,
         "name" : "C<sub>LIM1215</sub>(IGF1_AZD_ms)",
         "portion" : 0.0
      },
      {
         "count" : 0,
         "max" : 2.225073858507201e-308,
         "mean" : 0.0,
         "min" : 1.797693134862316e+308,
         "name" : "C<sub>LIM1215</sub>(TGF_AZD)",
         "portion" : 0.0
      },
      {
         "count" : 0,
         "max" : 2.225073858507201e-308,
         "mean" : 0.0,
         "min" : 1.797693134862316e+308,
         "name" : "C<sub>LIM1215</sub>(TGF_AZD_s)",
         "portion" : 0.0
      },
      {
         "count" : 0,
         "max" : 2.225073858507201e-308,
         "mean" : 0.0,
         "min" : 1.797693134862316e+308,
         "name" : "C<sub>LIM1215</sub>(TGF_AZD_ms)",
         "portion" : 0.0
      },
      {
         "count" : 840,
         "max" : 2.0,
         "mean" : 2.0,
         "min" : 2.0,
         "name" : "C<sub>LIM1215</sub>(LY)",
         "portion" : 1.0
      },
      {
         "count" : 480,
         "max" : 2.0,
         "mean" : 2.0,
         "min" : 2.0,
         "name" : "C<sub>LIM1215</sub>(LY_s)",
         "portion" : 0.5714285714285714
      },
      {
         "count" : 480,
         "max" : 2.0,
         "mean" : 2.0,
         "min" : 2.0,
         "name" : "C<sub>LIM1215</sub>(LY_ms)",
         "portion" : 0.5714285714285714
      },
      {
         "count" : 0,
         "max" : 2.225073858507201e-308,
         "mean" : 0.0,
         "min" : 1.797693134862316e+308,
         "name" : "C<sub>LIM1215</sub>(IGF1_LY)",
         "portion" : 0.0
      },
      {
         "count" : 0,
         "max" : 2.225073858507201e-308,
         "mean" : 0.0,
         "min" : 1.797693134862316e+308,
         "name" : "C<sub>LIM1215</sub>(IGF1_LY_s)",
         "portion" : 0.0
      },
      {
         "count" : 0,
         "max" : 2.225073858507201e-308,
         "mean" : 0.0,
         "min" : 1.797693134862316e+308,
         "name" : "C<sub>LIM1215</sub>(IGF1_LY_ms)",
         "portion" : 0.0
      },
      {
         "count" : 840,
         "max" : 5.0,
         "mean" : 5.0,
         "min" : 5.0,
         "name" : "C<sub>LIM1215</sub>(TGF_LY)",
         "portion" : 1.0
      },
      {
         "count" : 560,
         "max" : 5.0,
         "mean" : 5.0,
         "min" : 5.0,
         "name" : "C<sub>LIM1215</sub>(TGF_LY_s)",
         "portion" : 0.6666666666666666
      },
      {
         "count" : 560,
         "max" : 5.0,
         "mean" : 5.0,
         "min" : 5.0,
         "name" : "C<sub>LIM1215</sub>(TGF_LY_ms)",
         "portion" : 0.6666666666666666
      },
      {
         "count" : 840,
         "max" : 4.0,
         "mean" : 4.0,
         "min" : 4.0,
         "name" : "C<sub>HCT116</sub>(IGF1)",
         "portion" : 1.0
      },
      {
         "count" : 840,
         "max" : 4.0,
         "mean" : 4.0,
         "min" : 4.0,
         "name" : "C<sub>HCT116</sub>(IGF1_s)",
         "portion" : 1.0
      },
      {
         "count" : 840,
         "max" : 4.0,
         "mean" : 4.0,
         "min" : 4.0,
         "name" : "C<sub>HCT116</sub>(IGF1_ms)",
         "portion" : 1.0
      },
      {
         "count" : 840,
         "max" : 3.0,
         "mean" : 3.0,
         "min" : 3.0,
         "name" : "C<sub>HCT116</sub>(TGF)",
         "portion" : 1.0
      },
      {
         "count" : 840,
         "max" : 3.0,
         "mean" : 3.0,
         "min" : 3.0,
         "name" : "C<sub>HCT116</sub>(TGF_s)",
         "portion" : 1.0
      },
      {
         "count" : 840,
         "max" : 3.0,
         "mean" : 3.0,
         "min" : 3.0,
         "name" : "C<sub>HCT116</sub>(TGF_ms)",
         "portion" : 1.0
      },
      {
         "count" : 420,
         "max" : 4.0,
         "mean" : 4.0,
         "min" : 4.0,
         "name" : "C<sub>HCT116</sub>(AZD)",
         "portion" : 0.50
      },
      {
         "count" : 60,
         "max" : 4.0,
         "mean" : 4.0,
         "min" : 4.0,
         "name" : "C<sub>HCT116</sub>(AZD_s)",
         "portion" : 0.07142857142857142
      },
      {
         "count" : 60,
         "max" : 4.0,
         "mean" : 4.0,
         "min" : 4.0,
         "name" : "C<sub>HCT116</sub>(AZD_ms)",
         "portion" : 0.07142857142857142
      },
      {
         "count" : 840,
         "max" : 6.0,
         "mean" : 6.0,
         "min" : 6.0,
         "name" : "C<sub>HCT116</sub>(IGF1_AZD)",
         "portion" : 1.0
      },
      {
         "count" : 840,
         "max" : 6.0,
         "mean" : 6.0,
         "min" : 6.0,
         "name" : "C<sub>HCT116</sub>(IGF1_AZD_s)",
         "portion" : 1.0
      },
      {
         "count" : 840,
         "max" : 6.0,
         "mean" : 6.0,
         "min" : 6.0,
         "name" : "C<sub>HCT116</sub>(IGF1_AZD_ms)",
         "portion" : 1.0
      },
      {
         "count" : 798,
         "max" : 5.0,
         "mean" : 5.0,
         "min" : 5.0,
         "name" : "C<sub>HCT116</sub>(TGF_AZD)",
         "portion" : 0.950
      },
      {
         "count" : 42,
         "max" : 5.0,
         "mean" : 5.0,
         "min" : 5.0,
         "name" : "C<sub>HCT116</sub>(TGF_AZD_s)",
         "portion" : 0.050
      },
      {
         "count" : 42,
         "max" : 5.0,
         "mean" : 5.0,
         "min" : 5.0,
         "name" : "C<sub>HCT116</sub>(TGF_AZD_ms)",
         "portion" : 0.050
      },
      {
         "count" : 840,
         "max" : 2.0,
         "mean" : 2.0,
         "min" : 2.0,
         "name" : "C<sub>HCT116</sub>(LY)",
         "portion" : 1.0
      },
      {
         "count" : 840,
         "max" : 2.0,
         "mean" : 2.0,
         "min" : 2.0,
         "name" : "C<sub>HCT116</sub>(LY_s)",
         "portion" : 1.0
      },
      {
         "count" : 840,
         "max" : 2.0,
         "mean" : 2.0,
         "min" : 2.0,
         "name" : "C<sub>HCT116</sub>(LY_ms)",
         "portion" : 1.0
      },
      {
         "count" : 0,
         "max" : 2.225073858507201e-308,
         "mean" : 0.0,
         "min" : 1.797693134862316e+308,
         "name" : "C<sub>HCT116</sub>(IGF1_LY)",
         "portion" : 0.0
      },
      {
         "count" : 0,
         "max" : 2.225073858507201e-308,
         "mean" : 0.0,
         "min" : 1.797693134862316e+308,
         "name" : "C<sub>HCT116</sub>(IGF1_LY_s)",
         "portion" : 0.0
      },
      {
         "count" : 0,
         "max" : 2.225073858507201e-308,
         "mean" : 0.0,
         "min" : 1.797693134862316e+308,
         "name" : "C<sub>HCT116</sub>(IGF1_LY_ms)",
         "portion" : 0.0
      },
      {
         "count" : 798,
         "max" : 6.0,
         "mean" : 6.0,
         "min" : 6.0,
         "name" : "C<sub>HCT116</sub>(TGF_LY)",
         "portion" : 0.950
      },
      {
         "count" : 392,
         "max" : 6.0,
         "mean" : 6.0,
         "min" : 6.0,
         "name" : "C<sub>HCT116</sub>(TGF_LY_s)",
         "portion" : 0.4666666666666667
      },
      {
         "count" : 392,
         "max" : 6.0,
         "mean" : 6.0,
         "min" : 6.0,
         "name" : "C<sub>HCT116</sub>(TGF_LY_ms)",
         "portion" : 0.4666666666666667
      },
      {
         "count" : 840,
         "max" : 5.0,
         "mean" : 5.0,
         "min" : 5.0,
         "name" : "C<sub>SW403</sub>(IGF1)",
         "portion" : 1.0
      },
      {
         "count" : 840,
         "max" : 5.0,
         "mean" : 5.0,
         "min" : 5.0,
         "name" : "C<sub>SW403</sub>(IGF1_s)",
         "portion" : 1.0
      },
      {
         "count" : 840,
         "max" : 5.0,
         "mean" : 5.0,
         "min" : 5.0,
         "name" : "C<sub>SW403</sub>(IGF1_ms)",
         "portion" : 1.0
      },
      {
         "count" : 840,
         "max" : 5.0,
         "mean" : 5.0,
         "min" : 5.0,
         "name" : "C<sub>SW403</sub>(TGF)",
         "portion" : 1.0
      },
      {
         "count" : 840,
         "max" : 5.0,
         "mean" : 5.0,
         "min" : 5.0,
         "name" : "C<sub>SW403</sub>(TGF_s)",
         "portion" : 1.0
      },
      {
         "count" : 840,
         "max" : 5.0,
         "mean" : 5.0,
         "min" : 5.0,
         "name" : "C<sub>SW403</sub>(TGF_ms)",
         "portion" : 1.0
      },
      {
         "count" : 840,
         "max" : 2.0,
         "mean" : 2.0,
         "min" : 2.0,
         "name" : "C<sub>SW403</sub>(AZD)",
         "portion" : 1.0
      },
      {
         "count" : 840,
         "max" : 2.0,
         "mean" : 2.0,
         "min" : 2.0,
         "name" : "C<sub>SW403</sub>(AZD_s)",
         "portion" : 1.0
      },
      {
         "count" : 840,
         "max" : 2.0,
         "mean" : 2.0,
         "min" : 2.0,
         "name" : "C<sub>SW403</sub>(AZD_ms)",
         "portion" : 1.0
      },
      {
         "count" : 840,
         "max" : 6.0,
         "mean" : 6.0,
         "min" : 6.0,
         "name" : "C<sub>SW403</sub>(IGF1_AZD)",
         "portion" : 1.0
      },
      {
         "count" : 840,
         "max" : 6.0,
         "mean" : 6.0,
         "min" : 6.0,
         "name" : "C<sub>SW403</sub>(IGF1_AZD_s)",
         "portion" : 1.0
      },
      {
         "count" : 840,
         "max" : 6.0,
         "mean" : 6.0,
         "min" : 6.0,
         "name" : "C<sub>SW403</sub>(IGF1_AZD_ms)",
         "portion" : 1.0
      },
      {
         "count" : 840,
         "max" : 4.0,
         "mean" : 4.0,
         "min" : 4.0,
         "name" : "C<sub>SW403</sub>(TGF_AZD)",
         "portion" : 1.0
      },
      {
         "count" : 840,
         "max" : 4.0,
         "mean" : 4.0,
         "min" : 4.0,
         "name" : "C<sub>SW403</sub>(TGF_AZD_s)",
         "portion" : 1.0
      },
      {
         "count" : 840,
         "max" : 4.0,
         "mean" : 4.0,
         "min" : 4.0,
         "name" : "C<sub>SW403</sub>(TGF_AZD_ms)",
         "portion" : 1.0
      },
      {
         "count" : 840,
         "max" : 2.0,
         "mean" : 2.0,
         "min" : 2.0,
         "name" : "C<sub>SW403</sub>(LY)",
         "portion" : 1.0
      },
      {
         "count" : 840,
         "max" : 2.0,
         "mean" : 2.0,
         "min" : 2.0,
         "name" : "C<sub>SW403</sub>(LY_s)",
         "portion" : 1.0
      },
      {
         "count" : 840,
         "max" : 2.0,
         "mean" : 2.0,
         "min" : 2.0,
         "name" : "C<sub>SW403</sub>(LY_ms)",
         "portion" : 1.0
      },
      {
         "count" : 0,
         "max" : 2.225073858507201e-308,
         "mean" : 0.0,
         "min" : 1.797693134862316e+308,
         "name" : "C<sub>SW403</sub>(IGF1_LY)",
         "portion" : 0.0
      },
      {
         "count" : 0,
         "max" : 2.225073858507201e-308,
         "mean" : 0.0,
         "min" : 1.797693134862316e+308,
         "name" : "C<sub>SW403</sub>(IGF1_LY_s)",
         "portion" : 0.0
      },
      {
         "count" : 0,
         "max" : 2.225073858507201e-308,
         "mean" : 0.0,
         "min" : 1.797693134862316e+308,
         "name" : "C<sub>SW403</sub>(IGF1_LY_ms)",
         "portion" : 0.0
      },
      {
         "count" : 840,
         "max" : 5.0,
         "mean" : 5.0,
         "min" : 5.0,
         "name" : "C<sub>SW403</sub>(TGF_LY)",
         "portion" : 1.0
      },
      {
         "count" : 840,
         "max" : 5.0,
         "mean" : 5.0,
         "min" : 5.0,
         "name" : "C<sub>SW403</sub>(TGF_LY_s)",
         "portion" : 1.0
      },
      {
         "count" : 840,
         "max" : 5.0,
         "mean" : 5.0,
         "min" : 5.0,
         "name" : "C<sub>SW403</sub>(TGF_LY_ms)",
         "portion" : 1.0
      },
      {
         "count" : 840,
         "max" : 4.0,
         "mean" : 4.0,
         "min" : 4.0,
         "name" : "C<sub>SW480</sub>(IGF1)",
         "portion" : 1.0
      },
      {
         "count" : 840,
         "max" : 4.0,
         "mean" : 4.0,
         "min" : 4.0,
         "name" : "C<sub>SW480</sub>(IGF1_s)",
         "portion" : 1.0
      },
      {
         "count" : 840,
         "max" : 4.0,
         "mean" : 4.0,
         "min" : 4.0,
         "name" : "C<sub>SW480</sub>(IGF1_ms)",
         "portion" : 1.0
      },
      {
         "count" : 798,
         "max" : 7.0,
         "mean" : 7.0,
         "min" : 7.0,
         "name" : "C<sub>SW480</sub>(TGF)",
         "portion" : 0.950
      },
      {
         "count" : 252,
         "max" : 7.0,
         "mean" : 7.0,
         "min" : 7.0,
         "name" : "C<sub>SW480</sub>(TGF_s)",
         "portion" : 0.30
      },
      {
         "count" : 252,
         "max" : 7.0,
         "mean" : 7.0,
         "min" : 7.0,
         "name" : "C<sub>SW480</sub>(TGF_ms)",
         "portion" : 0.30
      },
      {
         "count" : 420,
         "max" : 2.0,
         "mean" : 2.0,
         "min" : 2.0,
         "name" : "C<sub>SW480</sub>(AZD)",
         "portion" : 0.50
      },
      {
         "count" : 120,
         "max" : 2.0,
         "mean" : 2.0,
         "min" : 2.0,
         "name" : "C<sub>SW480</sub>(AZD_s)",
         "portion" : 0.1428571428571428
      },
      {
         "count" : 120,
         "max" : 2.0,
         "mean" : 2.0,
         "min" : 2.0,
         "name" : "C<sub>SW480</sub>(AZD_ms)",
         "portion" : 0.1428571428571428
      },
      {
         "count" : 840,
         "max" : 3.0,
         "mean" : 3.0,
         "min" : 3.0,
         "name" : "C<sub>SW480</sub>(IGF1_AZD)",
         "portion" : 1.0
      },
      {
         "count" : 840,
         "max" : 3.0,
         "mean" : 3.0,
         "min" : 3.0,
         "name" : "C<sub>SW480</sub>(IGF1_AZD_s)",
         "portion" : 1.0
      },
      {
         "count" : 840,
         "max" : 3.0,
         "mean" : 3.0,
         "min" : 3.0,
         "name" : "C<sub>SW480</sub>(IGF1_AZD_ms)",
         "portion" : 1.0
      },
      {
         "count" : 840,
         "max" : 5.0,
         "mean" : 5.0,
         "min" : 5.0,
         "name" : "C<sub>SW480</sub>(TGF_AZD)",
         "portion" : 1.0
      },
      {
         "count" : 840,
         "max" : 5.0,
         "mean" : 5.0,
         "min" : 5.0,
         "name" : "C<sub>SW480</sub>(TGF_AZD_s)",
         "portion" : 1.0
      },
      {
         "count" : 840,
         "max" : 5.0,
         "mean" : 5.0,
         "min" : 5.0,
         "name" : "C<sub>SW480</sub>(TGF_AZD_ms)",
         "portion" : 1.0
      },
      {
         "count" : 840,
         "max" : 2.0,
         "mean" : 2.0,
         "min" : 2.0,
         "name" : "C<sub>SW480</sub>(LY)",
         "portion" : 1.0
      },
      {
         "count" : 840,
         "max" : 2.0,
         "mean" : 2.0,
         "min" : 2.0,
         "name" : "C<sub>SW480</sub>(LY_s)",
         "portion" : 1.0
      },
      {
         "count" : 840,
         "max" : 2.0,
         "mean" : 2.0,
         "min" : 2.0,
         "name" : "C<sub>SW480</sub>(LY_ms)",
         "portion" : 1.0
      },
      {
         "count" : 0,
         "max" : 2.225073858507201e-308,
         "mean" : 0.0,
         "min" : 1.797693134862316e+308,
         "name" : "C<sub>SW480</sub>(IGF1_LY)",
         "portion" : 0.0
      },
      {
         "count" : 0,
         "max" : 2.225073858507201e-308,
         "mean" : 0.0,
         "min" : 1.797693134862316e+308,
         "name" : "C<sub>SW480</sub>(IGF1_LY_s)",
         "portion" : 0.0
      },
      {
         "count" : 0,
         "max" : 2.225073858507201e-308,
         "mean" : 0.0,
         "min" : 1.797693134862316e+308,
         "name" : "C<sub>SW480</sub>(IGF1_LY_ms)",
         "portion" : 0.0
      },
      {
         "count" : 840,
         "max" : 6.0,
         "mean" : 6.0,
         "min" : 6.0,
         "name" : "C<sub>SW480</sub>(TGF_LY)",
         "portion" : 1.0
      },
      {
         "count" : 560,
         "max" : 6.0,
         "mean" : 6.0,
         "min" : 6.0,
         "name" : "C<sub>SW480</sub>(TGF_LY_s)",
         "portion" : 0.6666666666666666
      },
      {
         "count" : 560,
         "max" : 6.0,
         "mean" : 6.0,
         "min" : 6.0,
         "name" : "C<sub>SW480</sub>(TGF_LY_ms)",
         "portion" : 0.6666666666666666
      },
      {
         "count" : 840,
         "max" : 3.0,
         "mean" : 3.0,
         "min" : 3.0,
         "name" : "C<sub>HT29</sub>(IGF1)",
         "portion" : 1.0
      },
      {
         "count" : 840,
         "max" : 3.0,
         "mean" : 3.0,
         "min" : 3.0,
         "name" : "C<sub>HT29</sub>(IGF1_s)",
         "portion" : 1.0
      },
      {
         "count" : 840,
         "max" : 3.0,
         "mean" : 3.0,
         "min" : 3.0,
         "name" : "C<sub>HT29</sub>(IGF1_ms)",
         "portion" : 1.0
      },
      {
         "count" : 798,
         "max" : 7.0,
         "mean" : 7.0,
         "min" : 7.0,
         "name" : "C<sub>HT29</sub>(TGF)",
         "portion" : 0.950
      },
      {
         "count" : 252,
         "max" : 7.0,
         "mean" : 7.0,
         "min" : 7.0,
         "name" : "C<sub>HT29</sub>(TGF_s)",
         "portion" : 0.30
      },
      {
         "count" : 252,
         "max" : 7.0,
         "mean" : 7.0,
         "min" : 7.0,
         "name" : "C<sub>HT29</sub>(TGF_ms)",
         "portion" : 0.30
      },
      {
         "count" : 840,
         "max" : 2.0,
         "mean" : 2.0,
         "min" : 2.0,
         "name" : "C<sub>HT29</sub>(AZD)",
         "portion" : 1.0
      },
      {
         "count" : 840,
         "max" : 2.0,
         "mean" : 2.0,
         "min" : 2.0,
         "name" : "C<sub>HT29</sub>(AZD_s)",
         "portion" : 1.0
      },
      {
         "count" : 840,
         "max" : 2.0,
         "mean" : 2.0,
         "min" : 2.0,
         "name" : "C<sub>HT29</sub>(AZD_ms)",
         "portion" : 1.0
      },
      {
         "count" : 840,
         "max" : 5.0,
         "mean" : 5.0,
         "min" : 5.0,
         "name" : "C<sub>HT29</sub>(IGF1_AZD)",
         "portion" : 1.0
      },
      {
         "count" : 840,
         "max" : 5.0,
         "mean" : 5.0,
         "min" : 5.0,
         "name" : "C<sub>HT29</sub>(IGF1_AZD_s)",
         "portion" : 1.0
      },
      {
         "count" : 840,
         "max" : 5.0,
         "mean" : 5.0,
         "min" : 5.0,
         "name" : "C<sub>HT29</sub>(IGF1_AZD_ms)",
         "portion" : 1.0
      },
      {
         "count" : 0,
         "max" : 2.225073858507201e-308,
         "mean" : 0.0,
         "min" : 1.797693134862316e+308,
         "name" : "C<sub>HT29</sub>(TGF_AZD)",
         "portion" : 0.0
      },
      {
         "count" : 0,
         "max" : 2.225073858507201e-308,
         "mean" : 0.0,
         "min" : 1.797693134862316e+308,
         "name" : "C<sub>HT29</sub>(TGF_AZD_s)",
         "portion" : 0.0
      },
      {
         "count" : 0,
         "max" : 2.225073858507201e-308,
         "mean" : 0.0,
         "min" : 1.797693134862316e+308,
         "name" : "C<sub>HT29</sub>(TGF_AZD_ms)",
         "portion" : 0.0
      },
      {
         "count" : 840,
         "max" : 2.0,
         "mean" : 2.0,
         "min" : 2.0,
         "name" : "C<sub>HT29</sub>(LY)",
         "portion" : 1.0
      },
      {
         "count" : 840,
         "max" : 2.0,
         "mean" : 2.0,
         "min" : 2.0,
         "name" : "C<sub>HT29</sub>(LY_s)",
         "portion" : 1.0
      },
      {
         "count" : 840,
         "max" : 2.0,
         "mean" : 2.0,
         "min" : 2.0,
         "name" : "C<sub>HT29</sub>(LY_ms)",
         "portion" : 1.0
      },
      {
         "count" : 840,
         "max" : 1.0,
         "mean" : 1.0,
         "min" : 1.0,
         "name" : "C<sub>HT29</sub>(IGF1_LY)",
         "portion" : 1.0
      },
      {
         "count" : 840,
         "max" : 1.0,
         "mean" : 1.0,
         "min" : 1.0,
         "name" : "C<sub>HT29</sub>(IGF1_LY_s)",
         "portion" : 1.0
      },
      {
         "count" : 840,
         "max" : 1.0,
         "mean" : 1.0,
         "min" : 1.0,
         "name" : "C<sub>HT29</sub>(IGF1_LY_ms)",
         "portion" : 1.0
      },
      {
         "count" : 728,
         "max" : 6.0,
         "mean" : 6.0,
         "min" : 6.0,
         "name" : "C<sub>HT29</sub>(TGF_LY)",
         "portion" : 0.8666666666666667
      },
      {
         "count" : 392,
         "max" : 6.0,
         "mean" : 6.0,
         "min" : 6.0,
         "name" : "C<sub>HT29</sub>(TGF_LY_s)",
         "portion" : 0.4666666666666667
      },
      {
         "count" : 392,
         "max" : 6.0,
         "mean" : 6.0,
         "min" : 6.0,
         "name" : "C<sub>HT29</sub>(TGF_LY_ms)",
         "portion" : 0.4666666666666667
      }
   ],
   "setup" : {
      "date" : "Thu Apr 23 14:22:04 2015",
      "model" : "EGFR_full",
      "s_name" : "SW403_s",
      "select" : " WHERE (C_SW403_IGF1_AZD_s IS NOT NULL AND C_SW403_LY_s IS NOT NULL AND C_SW403_TGF_LY_s IS NOT NULL AND C_SW403_TGF_AZD_s IS NOT NULL AND C_SW403_IGF1_s IS NOT NULL AND C_SW403_AZD_s IS NOT NULL AND C_SW403_TGF_s IS NOT NULL)",
      "size" : 840
   }
}

