{
   "records" : [
      {
         "count" : 111000,
         "max" : 2.225073858507201e-308,
         "mean" : 0.0,
         "min" : 0.0,
         "name" : "K<sub>AKT</sub>(00)",
         "portion" : 1.0
      },
      {
         "count" : 111000,
         "max" : 1.0,
         "mean" : 1.0,
         "min" : 1.0,
         "name" : "K<sub>AKT</sub>(01)",
         "portion" : 1.0
      },
      {
         "count" : 111000,
         "max" : 2.225073858507201e-308,
         "mean" : 0.0,
         "min" : 0.0,
         "name" : "K<sub>AKT</sub>(10)",
         "portion" : 1.0
      },
      {
         "count" : 111000,
         "max" : 2.225073858507201e-308,
         "mean" : 0.0,
         "min" : 0.0,
         "name" : "K<sub>AKT</sub>(11)",
         "portion" : 1.0
      },
      {
         "count" : 111000,
         "max" : 2.225073858507201e-308,
         "mean" : 0.0,
         "min" : 0.0,
         "name" : "K<sub>AZD</sub>(0)",
         "portion" : 1.0
      },
      {
         "count" : 111000,
         "max" : 1.0,
         "mean" : 1.0,
         "min" : 1.0,
         "name" : "K<sub>AZD</sub>(1)",
         "portion" : 1.0
      },
      {
         "count" : 111000,
         "max" : 1.0,
         "mean" : 0.1891891891891892,
         "min" : 0.0,
         "name" : "K<sub>EGFR</sub>(00)",
         "portion" : 1.0
      },
      {
         "count" : 111000,
         "max" : 1.0,
         "mean" : 1.0,
         "min" : 1.0,
         "name" : "K<sub>EGFR</sub>(01)",
         "portion" : 1.0
      },
      {
         "count" : 111000,
         "max" : 2.225073858507201e-308,
         "mean" : 0.0,
         "min" : 0.0,
         "name" : "K<sub>EGFR</sub>(10)",
         "portion" : 1.0
      },
      {
         "count" : 111000,
         "max" : 1.0,
         "mean" : 0.5945945945945946,
         "min" : 0.0,
         "name" : "K<sub>EGFR</sub>(11)",
         "portion" : 1.0
      },
      {
         "count" : 111000,
         "max" : 2.225073858507201e-308,
         "mean" : 0.0,
         "min" : 0.0,
         "name" : "K<sub>ERK</sub>(00)",
         "portion" : 1.0
      },
      {
         "count" : 111000,
         "max" : 1.0,
         "mean" : 1.0,
         "min" : 1.0,
         "name" : "K<sub>ERK</sub>(01)",
         "portion" : 1.0
      },
      {
         "count" : 111000,
         "max" : 2.225073858507201e-308,
         "mean" : 0.0,
         "min" : 0.0,
         "name" : "K<sub>ERK</sub>(10)",
         "portion" : 1.0
      },
      {
         "count" : 111000,
         "max" : 2.225073858507201e-308,
         "mean" : 0.0,
         "min" : 0.0,
         "name" : "K<sub>ERK</sub>(11)",
         "portion" : 1.0
      },
      {
         "count" : 111000,
         "max" : 1.0,
         "mean" : 0.20,
         "min" : 0.0,
         "name" : "K<sub>GSK3</sub>(00)",
         "portion" : 1.0
      },
      {
         "count" : 111000,
         "max" : 1.0,
         "mean" : 0.60,
         "min" : 0.0,
         "name" : "K<sub>GSK3</sub>(01)",
         "portion" : 1.0
      },
      {
         "count" : 111000,
         "max" : 1.0,
         "mean" : 0.60,
         "min" : 0.0,
         "name" : "K<sub>GSK3</sub>(10)",
         "portion" : 1.0
      },
      {
         "count" : 111000,
         "max" : 1.0,
         "mean" : 1.0,
         "min" : 1.0,
         "name" : "K<sub>GSK3</sub>(11)",
         "portion" : 1.0
      },
      {
         "count" : 111000,
         "max" : 2.225073858507201e-308,
         "mean" : 0.0,
         "min" : 0.0,
         "name" : "K<sub>IGFIR</sub>(0)",
         "portion" : 1.0
      },
      {
         "count" : 111000,
         "max" : 1.0,
         "mean" : 1.0,
         "min" : 1.0,
         "name" : "K<sub>IGFIR</sub>(1)",
         "portion" : 1.0
      },
      {
         "count" : 111000,
         "max" : 1.0,
         "mean" : 0.70,
         "min" : 0.0,
         "name" : "K<sub>IRS1</sub>(000)",
         "portion" : 1.0
      },
      {
         "count" : 111000,
         "max" : 1.0,
         "mean" : 0.30,
         "min" : 0.0,
         "name" : "K<sub>IRS1</sub>(001)",
         "portion" : 1.0
      },
      {
         "count" : 111000,
         "max" : 1.0,
         "mean" : 0.950,
         "min" : 0.0,
         "name" : "K<sub>IRS1</sub>(010)",
         "portion" : 1.0
      },
      {
         "count" : 111000,
         "max" : 1.0,
         "mean" : 0.70,
         "min" : 0.0,
         "name" : "K<sub>IRS1</sub>(011)",
         "portion" : 1.0
      },
      {
         "count" : 111000,
         "max" : 1.0,
         "mean" : 0.30,
         "min" : 0.0,
         "name" : "K<sub>IRS1</sub>(100)",
         "portion" : 1.0
      },
      {
         "count" : 111000,
         "max" : 1.0,
         "mean" : 0.050,
         "min" : 0.0,
         "name" : "K<sub>IRS1</sub>(101)",
         "portion" : 1.0
      },
      {
         "count" : 111000,
         "max" : 1.0,
         "mean" : 0.70,
         "min" : 0.0,
         "name" : "K<sub>IRS1</sub>(110)",
         "portion" : 1.0
      },
      {
         "count" : 111000,
         "max" : 1.0,
         "mean" : 0.30,
         "min" : 0.0,
         "name" : "K<sub>IRS1</sub>(111)",
         "portion" : 1.0
      },
      {
         "count" : 111000,
         "max" : 2.225073858507201e-308,
         "mean" : 0.0,
         "min" : 0.0,
         "name" : "K<sub>LY</sub>(0)",
         "portion" : 1.0
      },
      {
         "count" : 111000,
         "max" : 1.0,
         "mean" : 1.0,
         "min" : 1.0,
         "name" : "K<sub>LY</sub>(1)",
         "portion" : 1.0
      },
      {
         "count" : 111000,
         "max" : 2.225073858507201e-308,
         "mean" : 0.0,
         "min" : 0.0,
         "name" : "K<sub>MEK</sub>(0)",
         "portion" : 1.0
      },
      {
         "count" : 111000,
         "max" : 1.0,
         "mean" : 1.0,
         "min" : 1.0,
         "name" : "K<sub>MEK</sub>(1)",
         "portion" : 1.0
      },
      {
         "count" : 111000,
         "max" : 1.0,
         "mean" : 0.1666666666666667,
         "min" : 0.0,
         "name" : "K<sub>PI3K</sub>(00)",
         "portion" : 1.0
      },
      {
         "count" : 111000,
         "max" : 1.0,
         "mean" : 0.50,
         "min" : 0.0,
         "name" : "K<sub>PI3K</sub>(01)",
         "portion" : 1.0
      },
      {
         "count" : 111000,
         "max" : 1.0,
         "mean" : 0.50,
         "min" : 0.0,
         "name" : "K<sub>PI3K</sub>(10)",
         "portion" : 1.0
      },
      {
         "count" : 111000,
         "max" : 1.0,
         "mean" : 0.8333333333333334,
         "min" : 0.0,
         "name" : "K<sub>PI3K</sub>(11)",
         "portion" : 1.0
      },
      {
         "count" : 111000,
         "max" : 1.0,
         "mean" : 0.08108108108108109,
         "min" : 0.0,
         "name" : "K<sub>RAF</sub>(000)",
         "portion" : 1.0
      },
      {
         "count" : 111000,
         "max" : 1.0,
         "mean" : 0.5945945945945946,
         "min" : 0.0,
         "name" : "K<sub>RAF</sub>(001)",
         "portion" : 1.0
      },
      {
         "count" : 111000,
         "max" : 1.0,
         "mean" : 0.08108108108108109,
         "min" : 0.0,
         "name" : "K<sub>RAF</sub>(010)",
         "portion" : 1.0
      },
      {
         "count" : 111000,
         "max" : 1.0,
         "mean" : 0.2702702702702703,
         "min" : 0.0,
         "name" : "K<sub>RAF</sub>(011)",
         "portion" : 1.0
      },
      {
         "count" : 111000,
         "max" : 1.0,
         "mean" : 0.5135135135135135,
         "min" : 0.0,
         "name" : "K<sub>RAF</sub>(100)",
         "portion" : 1.0
      },
      {
         "count" : 111000,
         "max" : 1.0,
         "mean" : 0.9189189189189190,
         "min" : 0.0,
         "name" : "K<sub>RAF</sub>(101)",
         "portion" : 1.0
      },
      {
         "count" : 111000,
         "max" : 1.0,
         "mean" : 0.2432432432432433,
         "min" : 0.0,
         "name" : "K<sub>RAF</sub>(110)",
         "portion" : 1.0
      },
      {
         "count" : 111000,
         "max" : 1.0,
         "mean" : 0.6486486486486487,
         "min" : 0.0,
         "name" : "K<sub>RAF</sub>(111)",
         "portion" : 1.0
      },
      {
         "count" : 111000,
         "max" : 2.225073858507201e-308,
         "mean" : 0.0,
         "min" : 0.0,
         "name" : "K<sub>TGFa</sub>(0)",
         "portion" : 1.0
      },
      {
         "count" : 111000,
         "max" : 1.0,
         "mean" : 1.0,
         "min" : 1.0,
         "name" : "K<sub>TGFa</sub>(1)",
         "portion" : 1.0
      },
      {
         "count" : 111000,
         "max" : 1.0,
         "mean" : 0.20,
         "min" : 0.0,
         "name" : "K<sub>p70S6K</sub>(00)",
         "portion" : 1.0
      },
      {
         "count" : 111000,
         "max" : 1.0,
         "mean" : 0.60,
         "min" : 0.0,
         "name" : "K<sub>p70S6K</sub>(01)",
         "portion" : 1.0
      },
      {
         "count" : 111000,
         "max" : 1.0,
         "mean" : 0.60,
         "min" : 0.0,
         "name" : "K<sub>p70S6K</sub>(10)",
         "portion" : 1.0
      },
      {
         "count" : 111000,
         "max" : 1.0,
         "mean" : 1.0,
         "min" : 1.0,
         "name" : "K<sub>p70S6K</sub>(11)",
         "portion" : 1.0
      },
      {
         "count" : 111000,
         "max" : 4.0,
         "mean" : 4.0,
         "min" : 4.0,
         "name" : "C<sub>LIM1215</sub>(IGF1_m)",
         "portion" : 1.0
      },
      {
         "count" : 111000,
         "max" : 6.0,
         "mean" : 6.0,
         "min" : 6.0,
         "name" : "C<sub>LIM1215</sub>(TGF_m)",
         "portion" : 1.0
      },
      {
         "count" : 111000,
         "max" : 3.0,
         "mean" : 3.0,
         "min" : 3.0,
         "name" : "C<sub>LIM1215</sub>(AZD_m)",
         "portion" : 1.0
      },
      {
         "count" : 111000,
         "max" : 6.0,
         "mean" : 6.0,
         "min" : 6.0,
         "name" : "C<sub>LIM1215</sub>(IGF1_AZD_m)",
         "portion" : 1.0
      },
      {
         "count" : 0,
         "max" : 2.225073858507201e-308,
         "mean" : 0.0,
         "min" : 1.797693134862316e+308,
         "name" : "C<sub>LIM1215</sub>(TGF_AZD_m)",
         "portion" : 0.0
      },
      {
         "count" : 111000,
         "max" : 2.0,
         "mean" : 2.0,
         "min" : 2.0,
         "name" : "C<sub>LIM1215</sub>(LY_m)",
         "portion" : 1.0
      },
      {
         "count" : 0,
         "max" : 2.225073858507201e-308,
         "mean" : 0.0,
         "min" : 1.797693134862316e+308,
         "name" : "C<sub>LIM1215</sub>(IGF1_LY_m)",
         "portion" : 0.0
      },
      {
         "count" : 111000,
         "max" : 5.0,
         "mean" : 5.0,
         "min" : 5.0,
         "name" : "C<sub>LIM1215</sub>(TGF_LY_m)",
         "portion" : 1.0
      },
      {
         "count" : 111000,
         "max" : 4.0,
         "mean" : 4.0,
         "min" : 4.0,
         "name" : "C<sub>HCT116</sub>(IGF1_m)",
         "portion" : 1.0
      },
      {
         "count" : 111000,
         "max" : 3.0,
         "mean" : 3.0,
         "min" : 3.0,
         "name" : "C<sub>HCT116</sub>(TGF_m)",
         "portion" : 1.0
      },
      {
         "count" : 88800,
         "max" : 4.0,
         "mean" : 4.0,
         "min" : 4.0,
         "name" : "C<sub>HCT116</sub>(AZD_m)",
         "portion" : 0.80
      },
      {
         "count" : 111000,
         "max" : 6.0,
         "mean" : 6.0,
         "min" : 6.0,
         "name" : "C<sub>HCT116</sub>(IGF1_AZD_m)",
         "portion" : 1.0
      },
      {
         "count" : 105450,
         "max" : 5.0,
         "mean" : 5.0,
         "min" : 5.0,
         "name" : "C<sub>HCT116</sub>(TGF_AZD_m)",
         "portion" : 0.950
      },
      {
         "count" : 111000,
         "max" : 2.0,
         "mean" : 2.0,
         "min" : 2.0,
         "name" : "C<sub>HCT116</sub>(LY_m)",
         "portion" : 1.0
      },
      {
         "count" : 0,
         "max" : 2.225073858507201e-308,
         "mean" : 0.0,
         "min" : 1.797693134862316e+308,
         "name" : "C<sub>HCT116</sub>(IGF1_LY_m)",
         "portion" : 0.0
      },
      {
         "count" : 101010,
         "max" : 6.0,
         "mean" : 6.0,
         "min" : 6.0,
         "name" : "C<sub>HCT116</sub>(TGF_LY_m)",
         "portion" : 0.910
      },
      {
         "count" : 111000,
         "max" : 5.0,
         "mean" : 5.0,
         "min" : 5.0,
         "name" : "C<sub>SW403</sub>(IGF1_m)",
         "portion" : 1.0
      },
      {
         "count" : 111000,
         "max" : 5.0,
         "mean" : 5.0,
         "min" : 5.0,
         "name" : "C<sub>SW403</sub>(TGF_m)",
         "portion" : 1.0
      },
      {
         "count" : 111000,
         "max" : 2.0,
         "mean" : 2.0,
         "min" : 2.0,
         "name" : "C<sub>SW403</sub>(AZD_m)",
         "portion" : 1.0
      },
      {
         "count" : 111000,
         "max" : 6.0,
         "mean" : 6.0,
         "min" : 6.0,
         "name" : "C<sub>SW403</sub>(IGF1_AZD_m)",
         "portion" : 1.0
      },
      {
         "count" : 111000,
         "max" : 4.0,
         "mean" : 4.0,
         "min" : 4.0,
         "name" : "C<sub>SW403</sub>(TGF_AZD_m)",
         "portion" : 1.0
      },
      {
         "count" : 111000,
         "max" : 2.0,
         "mean" : 2.0,
         "min" : 2.0,
         "name" : "C<sub>SW403</sub>(LY_m)",
         "portion" : 1.0
      },
      {
         "count" : 0,
         "max" : 2.225073858507201e-308,
         "mean" : 0.0,
         "min" : 1.797693134862316e+308,
         "name" : "C<sub>SW403</sub>(IGF1_LY_m)",
         "portion" : 0.0
      },
      {
         "count" : 111000,
         "max" : 5.0,
         "mean" : 5.0,
         "min" : 5.0,
         "name" : "C<sub>SW403</sub>(TGF_LY_m)",
         "portion" : 1.0
      },
      {
         "count" : 111000,
         "max" : 4.0,
         "mean" : 4.0,
         "min" : 4.0,
         "name" : "C<sub>SW480</sub>(IGF1_m)",
         "portion" : 1.0
      },
      {
         "count" : 105450,
         "max" : 7.0,
         "mean" : 7.0,
         "min" : 7.0,
         "name" : "C<sub>SW480</sub>(TGF_m)",
         "portion" : 0.950
      },
      {
         "count" : 88800,
         "max" : 2.0,
         "mean" : 2.0,
         "min" : 2.0,
         "name" : "C<sub>SW480</sub>(AZD_m)",
         "portion" : 0.80
      },
      {
         "count" : 111000,
         "max" : 3.0,
         "mean" : 3.0,
         "min" : 3.0,
         "name" : "C<sub>SW480</sub>(IGF1_AZD_m)",
         "portion" : 1.0
      },
      {
         "count" : 111000,
         "max" : 5.0,
         "mean" : 5.0,
         "min" : 5.0,
         "name" : "C<sub>SW480</sub>(TGF_AZD_m)",
         "portion" : 1.0
      },
      {
         "count" : 111000,
         "max" : 2.0,
         "mean" : 2.0,
         "min" : 2.0,
         "name" : "C<sub>SW480</sub>(LY_m)",
         "portion" : 1.0
      },
      {
         "count" : 0,
         "max" : 2.225073858507201e-308,
         "mean" : 0.0,
         "min" : 1.797693134862316e+308,
         "name" : "C<sub>SW480</sub>(IGF1_LY_m)",
         "portion" : 0.0
      },
      {
         "count" : 111000,
         "max" : 6.0,
         "mean" : 6.0,
         "min" : 6.0,
         "name" : "C<sub>SW480</sub>(TGF_LY_m)",
         "portion" : 1.0
      },
      {
         "count" : 111000,
         "max" : 3.0,
         "mean" : 3.0,
         "min" : 3.0,
         "name" : "C<sub>HT29</sub>(IGF1_m)",
         "portion" : 1.0
      },
      {
         "count" : 105450,
         "max" : 7.0,
         "mean" : 7.0,
         "min" : 7.0,
         "name" : "C<sub>HT29</sub>(TGF_m)",
         "portion" : 0.950
      },
      {
         "count" : 111000,
         "max" : 2.0,
         "mean" : 2.0,
         "min" : 2.0,
         "name" : "C<sub>HT29</sub>(AZD_m)",
         "portion" : 1.0
      },
      {
         "count" : 111000,
         "max" : 5.0,
         "mean" : 5.0,
         "min" : 5.0,
         "name" : "C<sub>HT29</sub>(IGF1_AZD_m)",
         "portion" : 1.0
      },
      {
         "count" : 0,
         "max" : 2.225073858507201e-308,
         "mean" : 0.0,
         "min" : 1.797693134862316e+308,
         "name" : "C<sub>HT29</sub>(TGF_AZD_m)",
         "portion" : 0.0
      },
      {
         "count" : 111000,
         "max" : 2.0,
         "mean" : 2.0,
         "min" : 2.0,
         "name" : "C<sub>HT29</sub>(LY_m)",
         "portion" : 1.0
      },
      {
         "count" : 111000,
         "max" : 1.0,
         "mean" : 1.0,
         "min" : 1.0,
         "name" : "C<sub>HT29</sub>(IGF1_LY_m)",
         "portion" : 1.0
      },
      {
         "count" : 87690,
         "max" : 6.0,
         "mean" : 6.0,
         "min" : 6.0,
         "name" : "C<sub>HT29</sub>(TGF_LY_m)",
         "portion" : 0.790
      },
      {
         "count" : 111000,
         "max" : 4.0,
         "mean" : 4.0,
         "min" : 4.0,
         "name" : "C<sub>LIM1215</sub>(IGF1)",
         "portion" : 1.0
      },
      {
         "count" : 22380,
         "max" : 4.0,
         "mean" : 4.0,
         "min" : 4.0,
         "name" : "C<sub>LIM1215</sub>(IGF1_s)",
         "portion" : 0.2016216216216216
      },
      {
         "count" : 22380,
         "max" : 4.0,
         "mean" : 4.0,
         "min" : 4.0,
         "name" : "C<sub>LIM1215</sub>(IGF1_ms)",
         "portion" : 0.2016216216216216
      },
      {
         "count" : 111000,
         "max" : 6.0,
         "mean" : 6.0,
         "min" : 6.0,
         "name" : "C<sub>LIM1215</sub>(TGF)",
         "portion" : 1.0
      },
      {
         "count" : 8000,
         "max" : 6.0,
         "mean" : 6.0,
         "min" : 6.0,
         "name" : "C<sub>LIM1215</sub>(TGF_s)",
         "portion" : 0.07207207207207207
      },
      {
         "count" : 8000,
         "max" : 6.0,
         "mean" : 6.0,
         "min" : 6.0,
         "name" : "C<sub>LIM1215</sub>(TGF_ms)",
         "portion" : 0.07207207207207207
      },
      {
         "count" : 111000,
         "max" : 3.0,
         "mean" : 3.0,
         "min" : 3.0,
         "name" : "C<sub>LIM1215</sub>(AZD)",
         "portion" : 1.0
      },
      {
         "count" : 25500,
         "max" : 3.0,
         "mean" : 3.0,
         "min" : 3.0,
         "name" : "C<sub>LIM1215</sub>(AZD_s)",
         "portion" : 0.2297297297297297
      },
      {
         "count" : 25500,
         "max" : 3.0,
         "mean" : 3.0,
         "min" : 3.0,
         "name" : "C<sub>LIM1215</sub>(AZD_ms)",
         "portion" : 0.2297297297297297
      },
      {
         "count" : 111000,
         "max" : 6.0,
         "mean" : 6.0,
         "min" : 6.0,
         "name" : "C<sub>LIM1215</sub>(IGF1_AZD)",
         "portion" : 1.0
      },
      {
         "count" : 7380,
         "max" : 6.0,
         "mean" : 6.0,
         "min" : 6.0,
         "name" : "C<sub>LIM1215</sub>(IGF1_AZD_s)",
         "portion" : 0.06648648648648649
      },
      {
         "count" : 7380,
         "max" : 6.0,
         "mean" : 6.0,
         "min" : 6.0,
         "name" : "C<sub>LIM1215</sub>(IGF1_AZD_ms)",
         "portion" : 0.06648648648648649
      },
      {
         "count" : 0,
         "max" : 2.225073858507201e-308,
         "mean" : 0.0,
         "min" : 1.797693134862316e+308,
         "name" : "C<sub>LIM1215</sub>(TGF_AZD)",
         "portion" : 0.0
      },
      {
         "count" : 0,
         "max" : 2.225073858507201e-308,
         "mean" : 0.0,
         "min" : 1.797693134862316e+308,
         "name" : "C<sub>LIM1215</sub>(TGF_AZD_s)",
         "portion" : 0.0
      },
      {
         "count" : 0,
         "max" : 2.225073858507201e-308,
         "mean" : 0.0,
         "min" : 1.797693134862316e+308,
         "name" : "C<sub>LIM1215</sub>(TGF_AZD_ms)",
         "portion" : 0.0
      },
      {
         "count" : 111000,
         "max" : 2.0,
         "mean" : 2.0,
         "min" : 2.0,
         "name" : "C<sub>LIM1215</sub>(LY)",
         "portion" : 1.0
      },
      {
         "count" : 25800,
         "max" : 2.0,
         "mean" : 2.0,
         "min" : 2.0,
         "name" : "C<sub>LIM1215</sub>(LY_s)",
         "portion" : 0.2324324324324324
      },
      {
         "count" : 25800,
         "max" : 2.0,
         "mean" : 2.0,
         "min" : 2.0,
         "name" : "C<sub>LIM1215</sub>(LY_ms)",
         "portion" : 0.2324324324324324
      },
      {
         "count" : 0,
         "max" : 2.225073858507201e-308,
         "mean" : 0.0,
         "min" : 1.797693134862316e+308,
         "name" : "C<sub>LIM1215</sub>(IGF1_LY)",
         "portion" : 0.0
      },
      {
         "count" : 0,
         "max" : 2.225073858507201e-308,
         "mean" : 0.0,
         "min" : 1.797693134862316e+308,
         "name" : "C<sub>LIM1215</sub>(IGF1_LY_s)",
         "portion" : 0.0
      },
      {
         "count" : 0,
         "max" : 2.225073858507201e-308,
         "mean" : 0.0,
         "min" : 1.797693134862316e+308,
         "name" : "C<sub>LIM1215</sub>(IGF1_LY_ms)",
         "portion" : 0.0
      },
      {
         "count" : 111000,
         "max" : 5.0,
         "mean" : 5.0,
         "min" : 5.0,
         "name" : "C<sub>LIM1215</sub>(TGF_LY)",
         "portion" : 1.0
      },
      {
         "count" : 6480,
         "max" : 5.0,
         "mean" : 5.0,
         "min" : 5.0,
         "name" : "C<sub>LIM1215</sub>(TGF_LY_s)",
         "portion" : 0.05837837837837838
      },
      {
         "count" : 6480,
         "max" : 5.0,
         "mean" : 5.0,
         "min" : 5.0,
         "name" : "C<sub>LIM1215</sub>(TGF_LY_ms)",
         "portion" : 0.05837837837837838
      },
      {
         "count" : 111000,
         "max" : 4.0,
         "mean" : 4.0,
         "min" : 4.0,
         "name" : "C<sub>HCT116</sub>(IGF1)",
         "portion" : 1.0
      },
      {
         "count" : 22380,
         "max" : 4.0,
         "mean" : 4.0,
         "min" : 4.0,
         "name" : "C<sub>HCT116</sub>(IGF1_s)",
         "portion" : 0.2016216216216216
      },
      {
         "count" : 22380,
         "max" : 4.0,
         "mean" : 4.0,
         "min" : 4.0,
         "name" : "C<sub>HCT116</sub>(IGF1_ms)",
         "portion" : 0.2016216216216216
      },
      {
         "count" : 111000,
         "max" : 3.0,
         "mean" : 3.0,
         "min" : 3.0,
         "name" : "C<sub>HCT116</sub>(TGF)",
         "portion" : 1.0
      },
      {
         "count" : 24200,
         "max" : 3.0,
         "mean" : 3.0,
         "min" : 3.0,
         "name" : "C<sub>HCT116</sub>(TGF_s)",
         "portion" : 0.2180180180180180
      },
      {
         "count" : 24200,
         "max" : 3.0,
         "mean" : 3.0,
         "min" : 3.0,
         "name" : "C<sub>HCT116</sub>(TGF_ms)",
         "portion" : 0.2180180180180180
      },
      {
         "count" : 88800,
         "max" : 4.0,
         "mean" : 4.0,
         "min" : 4.0,
         "name" : "C<sub>HCT116</sub>(AZD)",
         "portion" : 0.80
      },
      {
         "count" : 6200,
         "max" : 4.0,
         "mean" : 4.0,
         "min" : 4.0,
         "name" : "C<sub>HCT116</sub>(AZD_s)",
         "portion" : 0.05585585585585585
      },
      {
         "count" : 6200,
         "max" : 4.0,
         "mean" : 4.0,
         "min" : 4.0,
         "name" : "C<sub>HCT116</sub>(AZD_ms)",
         "portion" : 0.05585585585585585
      },
      {
         "count" : 111000,
         "max" : 6.0,
         "mean" : 6.0,
         "min" : 6.0,
         "name" : "C<sub>HCT116</sub>(IGF1_AZD)",
         "portion" : 1.0
      },
      {
         "count" : 15120,
         "max" : 6.0,
         "mean" : 6.0,
         "min" : 6.0,
         "name" : "C<sub>HCT116</sub>(IGF1_AZD_s)",
         "portion" : 0.1362162162162162
      },
      {
         "count" : 15120,
         "max" : 6.0,
         "mean" : 6.0,
         "min" : 6.0,
         "name" : "C<sub>HCT116</sub>(IGF1_AZD_ms)",
         "portion" : 0.1362162162162162
      },
      {
         "count" : 105450,
         "max" : 5.0,
         "mean" : 5.0,
         "min" : 5.0,
         "name" : "C<sub>HCT116</sub>(TGF_AZD)",
         "portion" : 0.950
      },
      {
         "count" : 999,
         "max" : 5.0,
         "mean" : 5.0,
         "min" : 5.0,
         "name" : "C<sub>HCT116</sub>(TGF_AZD_s)",
         "portion" : 0.008999999999999999
      },
      {
         "count" : 999,
         "max" : 5.0,
         "mean" : 5.0,
         "min" : 5.0,
         "name" : "C<sub>HCT116</sub>(TGF_AZD_ms)",
         "portion" : 0.008999999999999999
      },
      {
         "count" : 111000,
         "max" : 2.0,
         "mean" : 2.0,
         "min" : 2.0,
         "name" : "C<sub>HCT116</sub>(LY)",
         "portion" : 1.0
      },
      {
         "count" : 111000,
         "max" : 2.0,
         "mean" : 2.0,
         "min" : 2.0,
         "name" : "C<sub>HCT116</sub>(LY_s)",
         "portion" : 1.0
      },
      {
         "count" : 111000,
         "max" : 2.0,
         "mean" : 2.0,
         "min" : 2.0,
         "name" : "C<sub>HCT116</sub>(LY_ms)",
         "portion" : 1.0
      },
      {
         "count" : 0,
         "max" : 2.225073858507201e-308,
         "mean" : 0.0,
         "min" : 1.797693134862316e+308,
         "name" : "C<sub>HCT116</sub>(IGF1_LY)",
         "portion" : 0.0
      },
      {
         "count" : 0,
         "max" : 2.225073858507201e-308,
         "mean" : 0.0,
         "min" : 1.797693134862316e+308,
         "name" : "C<sub>HCT116</sub>(IGF1_LY_s)",
         "portion" : 0.0
      },
      {
         "count" : 0,
         "max" : 2.225073858507201e-308,
         "mean" : 0.0,
         "min" : 1.797693134862316e+308,
         "name" : "C<sub>HCT116</sub>(IGF1_LY_ms)",
         "portion" : 0.0
      },
      {
         "count" : 101010,
         "max" : 6.0,
         "mean" : 6.0,
         "min" : 6.0,
         "name" : "C<sub>HCT116</sub>(TGF_LY)",
         "portion" : 0.910
      },
      {
         "count" : 4536,
         "max" : 6.0,
         "mean" : 6.0,
         "min" : 6.0,
         "name" : "C<sub>HCT116</sub>(TGF_LY_s)",
         "portion" : 0.04086486486486487
      },
      {
         "count" : 4536,
         "max" : 6.0,
         "mean" : 6.0,
         "min" : 6.0,
         "name" : "C<sub>HCT116</sub>(TGF_LY_ms)",
         "portion" : 0.04086486486486487
      },
      {
         "count" : 111000,
         "max" : 5.0,
         "mean" : 5.0,
         "min" : 5.0,
         "name" : "C<sub>SW403</sub>(IGF1)",
         "portion" : 1.0
      },
      {
         "count" : 15000,
         "max" : 5.0,
         "mean" : 5.0,
         "min" : 5.0,
         "name" : "C<sub>SW403</sub>(IGF1_s)",
         "portion" : 0.1351351351351351
      },
      {
         "count" : 15000,
         "max" : 5.0,
         "mean" : 5.0,
         "min" : 5.0,
         "name" : "C<sub>SW403</sub>(IGF1_ms)",
         "portion" : 0.1351351351351351
      },
      {
         "count" : 111000,
         "max" : 5.0,
         "mean" : 5.0,
         "min" : 5.0,
         "name" : "C<sub>SW403</sub>(TGF)",
         "portion" : 1.0
      },
      {
         "count" : 8000,
         "max" : 5.0,
         "mean" : 5.0,
         "min" : 5.0,
         "name" : "C<sub>SW403</sub>(TGF_s)",
         "portion" : 0.07207207207207207
      },
      {
         "count" : 8000,
         "max" : 5.0,
         "mean" : 5.0,
         "min" : 5.0,
         "name" : "C<sub>SW403</sub>(TGF_ms)",
         "portion" : 0.07207207207207207
      },
      {
         "count" : 111000,
         "max" : 2.0,
         "mean" : 2.0,
         "min" : 2.0,
         "name" : "C<sub>SW403</sub>(AZD)",
         "portion" : 1.0
      },
      {
         "count" : 111000,
         "max" : 2.0,
         "mean" : 2.0,
         "min" : 2.0,
         "name" : "C<sub>SW403</sub>(AZD_s)",
         "portion" : 1.0
      },
      {
         "count" : 111000,
         "max" : 2.0,
         "mean" : 2.0,
         "min" : 2.0,
         "name" : "C<sub>SW403</sub>(AZD_ms)",
         "portion" : 1.0
      },
      {
         "count" : 111000,
         "max" : 6.0,
         "mean" : 6.0,
         "min" : 6.0,
         "name" : "C<sub>SW403</sub>(IGF1_AZD)",
         "portion" : 1.0
      },
      {
         "count" : 15120,
         "max" : 6.0,
         "mean" : 6.0,
         "min" : 6.0,
         "name" : "C<sub>SW403</sub>(IGF1_AZD_s)",
         "portion" : 0.1362162162162162
      },
      {
         "count" : 15120,
         "max" : 6.0,
         "mean" : 6.0,
         "min" : 6.0,
         "name" : "C<sub>SW403</sub>(IGF1_AZD_ms)",
         "portion" : 0.1362162162162162
      },
      {
         "count" : 111000,
         "max" : 4.0,
         "mean" : 4.0,
         "min" : 4.0,
         "name" : "C<sub>SW403</sub>(TGF_AZD)",
         "portion" : 1.0
      },
      {
         "count" : 22800,
         "max" : 4.0,
         "mean" : 4.0,
         "min" : 4.0,
         "name" : "C<sub>SW403</sub>(TGF_AZD_s)",
         "portion" : 0.2054054054054054
      },
      {
         "count" : 22800,
         "max" : 4.0,
         "mean" : 4.0,
         "min" : 4.0,
         "name" : "C<sub>SW403</sub>(TGF_AZD_ms)",
         "portion" : 0.2054054054054054
      },
      {
         "count" : 111000,
         "max" : 2.0,
         "mean" : 2.0,
         "min" : 2.0,
         "name" : "C<sub>SW403</sub>(LY)",
         "portion" : 1.0
      },
      {
         "count" : 111000,
         "max" : 2.0,
         "mean" : 2.0,
         "min" : 2.0,
         "name" : "C<sub>SW403</sub>(LY_s)",
         "portion" : 1.0
      },
      {
         "count" : 111000,
         "max" : 2.0,
         "mean" : 2.0,
         "min" : 2.0,
         "name" : "C<sub>SW403</sub>(LY_ms)",
         "portion" : 1.0
      },
      {
         "count" : 0,
         "max" : 2.225073858507201e-308,
         "mean" : 0.0,
         "min" : 1.797693134862316e+308,
         "name" : "C<sub>SW403</sub>(IGF1_LY)",
         "portion" : 0.0
      },
      {
         "count" : 0,
         "max" : 2.225073858507201e-308,
         "mean" : 0.0,
         "min" : 1.797693134862316e+308,
         "name" : "C<sub>SW403</sub>(IGF1_LY_s)",
         "portion" : 0.0
      },
      {
         "count" : 0,
         "max" : 2.225073858507201e-308,
         "mean" : 0.0,
         "min" : 1.797693134862316e+308,
         "name" : "C<sub>SW403</sub>(IGF1_LY_ms)",
         "portion" : 0.0
      },
      {
         "count" : 111000,
         "max" : 5.0,
         "mean" : 5.0,
         "min" : 5.0,
         "name" : "C<sub>SW403</sub>(TGF_LY)",
         "portion" : 1.0
      },
      {
         "count" : 10800,
         "max" : 5.0,
         "mean" : 5.0,
         "min" : 5.0,
         "name" : "C<sub>SW403</sub>(TGF_LY_s)",
         "portion" : 0.09729729729729730
      },
      {
         "count" : 10800,
         "max" : 5.0,
         "mean" : 5.0,
         "min" : 5.0,
         "name" : "C<sub>SW403</sub>(TGF_LY_ms)",
         "portion" : 0.09729729729729730
      },
      {
         "count" : 111000,
         "max" : 4.0,
         "mean" : 4.0,
         "min" : 4.0,
         "name" : "C<sub>SW480</sub>(IGF1)",
         "portion" : 1.0
      },
      {
         "count" : 22380,
         "max" : 4.0,
         "mean" : 4.0,
         "min" : 4.0,
         "name" : "C<sub>SW480</sub>(IGF1_s)",
         "portion" : 0.2016216216216216
      },
      {
         "count" : 22380,
         "max" : 4.0,
         "mean" : 4.0,
         "min" : 4.0,
         "name" : "C<sub>SW480</sub>(IGF1_ms)",
         "portion" : 0.2016216216216216
      },
      {
         "count" : 105450,
         "max" : 7.0,
         "mean" : 7.0,
         "min" : 7.0,
         "name" : "C<sub>SW480</sub>(TGF)",
         "portion" : 0.950
      },
      {
         "count" : 2400,
         "max" : 7.0,
         "mean" : 7.0,
         "min" : 7.0,
         "name" : "C<sub>SW480</sub>(TGF_s)",
         "portion" : 0.02162162162162162
      },
      {
         "count" : 2400,
         "max" : 7.0,
         "mean" : 7.0,
         "min" : 7.0,
         "name" : "C<sub>SW480</sub>(TGF_ms)",
         "portion" : 0.02162162162162162
      },
      {
         "count" : 88800,
         "max" : 2.0,
         "mean" : 2.0,
         "min" : 2.0,
         "name" : "C<sub>SW480</sub>(AZD)",
         "portion" : 0.80
      },
      {
         "count" : 78600,
         "max" : 2.0,
         "mean" : 2.0,
         "min" : 2.0,
         "name" : "C<sub>SW480</sub>(AZD_s)",
         "portion" : 0.7081081081081081
      },
      {
         "count" : 78600,
         "max" : 2.0,
         "mean" : 2.0,
         "min" : 2.0,
         "name" : "C<sub>SW480</sub>(AZD_ms)",
         "portion" : 0.7081081081081081
      },
      {
         "count" : 111000,
         "max" : 3.0,
         "mean" : 3.0,
         "min" : 3.0,
         "name" : "C<sub>SW480</sub>(IGF1_AZD)",
         "portion" : 1.0
      },
      {
         "count" : 37500,
         "max" : 3.0,
         "mean" : 3.0,
         "min" : 3.0,
         "name" : "C<sub>SW480</sub>(IGF1_AZD_s)",
         "portion" : 0.3378378378378378
      },
      {
         "count" : 37500,
         "max" : 3.0,
         "mean" : 3.0,
         "min" : 3.0,
         "name" : "C<sub>SW480</sub>(IGF1_AZD_ms)",
         "portion" : 0.3378378378378378
      },
      {
         "count" : 111000,
         "max" : 5.0,
         "mean" : 5.0,
         "min" : 5.0,
         "name" : "C<sub>SW480</sub>(TGF_AZD)",
         "portion" : 1.0
      },
      {
         "count" : 10260,
         "max" : 5.0,
         "mean" : 5.0,
         "min" : 5.0,
         "name" : "C<sub>SW480</sub>(TGF_AZD_s)",
         "portion" : 0.09243243243243243
      },
      {
         "count" : 10260,
         "max" : 5.0,
         "mean" : 5.0,
         "min" : 5.0,
         "name" : "C<sub>SW480</sub>(TGF_AZD_ms)",
         "portion" : 0.09243243243243243
      },
      {
         "count" : 111000,
         "max" : 2.0,
         "mean" : 2.0,
         "min" : 2.0,
         "name" : "C<sub>SW480</sub>(LY)",
         "portion" : 1.0
      },
      {
         "count" : 111000,
         "max" : 2.0,
         "mean" : 2.0,
         "min" : 2.0,
         "name" : "C<sub>SW480</sub>(LY_s)",
         "portion" : 1.0
      },
      {
         "count" : 111000,
         "max" : 2.0,
         "mean" : 2.0,
         "min" : 2.0,
         "name" : "C<sub>SW480</sub>(LY_ms)",
         "portion" : 1.0
      },
      {
         "count" : 0,
         "max" : 2.225073858507201e-308,
         "mean" : 0.0,
         "min" : 1.797693134862316e+308,
         "name" : "C<sub>SW480</sub>(IGF1_LY)",
         "portion" : 0.0
      },
      {
         "count" : 0,
         "max" : 2.225073858507201e-308,
         "mean" : 0.0,
         "min" : 1.797693134862316e+308,
         "name" : "C<sub>SW480</sub>(IGF1_LY_s)",
         "portion" : 0.0
      },
      {
         "count" : 0,
         "max" : 2.225073858507201e-308,
         "mean" : 0.0,
         "min" : 1.797693134862316e+308,
         "name" : "C<sub>SW480</sub>(IGF1_LY_ms)",
         "portion" : 0.0
      },
      {
         "count" : 111000,
         "max" : 6.0,
         "mean" : 6.0,
         "min" : 6.0,
         "name" : "C<sub>SW480</sub>(TGF_LY)",
         "portion" : 1.0
      },
      {
         "count" : 6480,
         "max" : 6.0,
         "mean" : 6.0,
         "min" : 6.0,
         "name" : "C<sub>SW480</sub>(TGF_LY_s)",
         "portion" : 0.05837837837837838
      },
      {
         "count" : 6480,
         "max" : 6.0,
         "mean" : 6.0,
         "min" : 6.0,
         "name" : "C<sub>SW480</sub>(TGF_LY_ms)",
         "portion" : 0.05837837837837838
      },
      {
         "count" : 111000,
         "max" : 3.0,
         "mean" : 3.0,
         "min" : 3.0,
         "name" : "C<sub>HT29</sub>(IGF1)",
         "portion" : 1.0
      },
      {
         "count" : 27300,
         "max" : 3.0,
         "mean" : 3.0,
         "min" : 3.0,
         "name" : "C<sub>HT29</sub>(IGF1_s)",
         "portion" : 0.2459459459459460
      },
      {
         "count" : 27300,
         "max" : 3.0,
         "mean" : 3.0,
         "min" : 3.0,
         "name" : "C<sub>HT29</sub>(IGF1_ms)",
         "portion" : 0.2459459459459460
      },
      {
         "count" : 105450,
         "max" : 7.0,
         "mean" : 7.0,
         "min" : 7.0,
         "name" : "C<sub>HT29</sub>(TGF)",
         "portion" : 0.950
      },
      {
         "count" : 2400,
         "max" : 7.0,
         "mean" : 7.0,
         "min" : 7.0,
         "name" : "C<sub>HT29</sub>(TGF_s)",
         "portion" : 0.02162162162162162
      },
      {
         "count" : 2400,
         "max" : 7.0,
         "mean" : 7.0,
         "min" : 7.0,
         "name" : "C<sub>HT29</sub>(TGF_ms)",
         "portion" : 0.02162162162162162
      },
      {
         "count" : 111000,
         "max" : 2.0,
         "mean" : 2.0,
         "min" : 2.0,
         "name" : "C<sub>HT29</sub>(AZD)",
         "portion" : 1.0
      },
      {
         "count" : 111000,
         "max" : 2.0,
         "mean" : 2.0,
         "min" : 2.0,
         "name" : "C<sub>HT29</sub>(AZD_s)",
         "portion" : 1.0
      },
      {
         "count" : 111000,
         "max" : 2.0,
         "mean" : 2.0,
         "min" : 2.0,
         "name" : "C<sub>HT29</sub>(AZD_ms)",
         "portion" : 1.0
      },
      {
         "count" : 111000,
         "max" : 5.0,
         "mean" : 5.0,
         "min" : 5.0,
         "name" : "C<sub>HT29</sub>(IGF1_AZD)",
         "portion" : 1.0
      },
      {
         "count" : 22500,
         "max" : 5.0,
         "mean" : 5.0,
         "min" : 5.0,
         "name" : "C<sub>HT29</sub>(IGF1_AZD_s)",
         "portion" : 0.2027027027027027
      },
      {
         "count" : 22500,
         "max" : 5.0,
         "mean" : 5.0,
         "min" : 5.0,
         "name" : "C<sub>HT29</sub>(IGF1_AZD_ms)",
         "portion" : 0.2027027027027027
      },
      {
         "count" : 0,
         "max" : 2.225073858507201e-308,
         "mean" : 0.0,
         "min" : 1.797693134862316e+308,
         "name" : "C<sub>HT29</sub>(TGF_AZD)",
         "portion" : 0.0
      },
      {
         "count" : 0,
         "max" : 2.225073858507201e-308,
         "mean" : 0.0,
         "min" : 1.797693134862316e+308,
         "name" : "C<sub>HT29</sub>(TGF_AZD_s)",
         "portion" : 0.0
      },
      {
         "count" : 0,
         "max" : 2.225073858507201e-308,
         "mean" : 0.0,
         "min" : 1.797693134862316e+308,
         "name" : "C<sub>HT29</sub>(TGF_AZD_ms)",
         "portion" : 0.0
      },
      {
         "count" : 111000,
         "max" : 2.0,
         "mean" : 2.0,
         "min" : 2.0,
         "name" : "C<sub>HT29</sub>(LY)",
         "portion" : 1.0
      },
      {
         "count" : 111000,
         "max" : 2.0,
         "mean" : 2.0,
         "min" : 2.0,
         "name" : "C<sub>HT29</sub>(LY_s)",
         "portion" : 1.0
      },
      {
         "count" : 111000,
         "max" : 2.0,
         "mean" : 2.0,
         "min" : 2.0,
         "name" : "C<sub>HT29</sub>(LY_ms)",
         "portion" : 1.0
      },
      {
         "count" : 111000,
         "max" : 1.0,
         "mean" : 1.0,
         "min" : 1.0,
         "name" : "C<sub>HT29</sub>(IGF1_LY)",
         "portion" : 1.0
      },
      {
         "count" : 69000,
         "max" : 1.0,
         "mean" : 1.0,
         "min" : 1.0,
         "name" : "C<sub>HT29</sub>(IGF1_LY_s)",
         "portion" : 0.6216216216216216
      },
      {
         "count" : 69000,
         "max" : 1.0,
         "mean" : 1.0,
         "min" : 1.0,
         "name" : "C<sub>HT29</sub>(IGF1_LY_ms)",
         "portion" : 0.6216216216216216
      },
      {
         "count" : 87690,
         "max" : 6.0,
         "mean" : 6.0,
         "min" : 6.0,
         "name" : "C<sub>HT29</sub>(TGF_LY)",
         "portion" : 0.790
      },
      {
         "count" : 4536,
         "max" : 6.0,
         "mean" : 6.0,
         "min" : 6.0,
         "name" : "C<sub>HT29</sub>(TGF_LY_s)",
         "portion" : 0.04086486486486487
      },
      {
         "count" : 4536,
         "max" : 6.0,
         "mean" : 6.0,
         "min" : 6.0,
         "name" : "C<sub>HT29</sub>(TGF_LY_ms)",
         "portion" : 0.04086486486486487
      }
   ],
   "setup" : {
      "date" : "Thu Apr 23 14:21:04 2015",
      "model" : "EGFR_full",
      "s_name" : "SW403_ps",
      "select" : " WHERE (C_SW403_TGF_AZD IS NOT NULL AND C_SW403_IGF1_AZD IS NOT NULL AND C_SW403_TGF IS NOT NULL AND C_SW403_LY_s IS NOT NULL AND C_SW403_AZD_s IS NOT NULL AND C_SW403_TGF_LY IS NOT NULL AND C_SW403_IGF1 IS NOT NULL)",
      "size" : 111000
   }
}

