{
   "edges" : [
      {
         "data" : {
            "Label" : "Activating Only",
            "Threshold" : 1,
            "source" : "n0",
            "target" : "n1"
         }
      },
      {
         "data" : {
            "Label" : "Activating",
            "Threshold" : 2,
            "source" : "n1",
            "target" : "n1"
         }
      }
   ],
   "nodes" : [
      {
         "data" : {
            "MaxActivity" : 1,
            "Name" : "A",
            "id" : "n0"
         }
      },
      {
         "data" : {
            "MaxActivity" : 2,
            "Name" : "B",
            "id" : "n1"
         }
      }
   ]
}
