{
   "records" : [
      {
         "E_A" : "",
         "E_B" : "",
         "ending" : "any",
         "name" : "test_ts",
         "records" : [
            {
               "V_B" : "[0,1)"
            },
            {
               "V_B" : "(1,2]"
            }
         ],
         "robustness" : true,
         "validate" : true,
         "witness" : false
      },
      {
         "E_A" : "",
         "E_B" : "",
         "ending" : "goto A",
         "name" : "test_cycle",
         "records" : [
            {
               "V_B" : "[0,1)"
            },
            {
               "V_B" : "[1,1]"
            }
         ],
         "robustness" : false,
         "validate" : true,
         "witness" : true
      }
   ]
}
