<?xml version="1.0" encoding="UTF-8"?>
<project-private xmlns="http://www.netbeans.org/ns/project-private/1">
    <editor-bookmarks xmlns="http://www.netbeans.org/ns/editor-bookmarks/2" lastBookmarkId="0"/>
    <open-files xmlns="http://www.netbeans.org/ns/projectui-open-files/2">
        <group>
            <file>file:/C:/Users/adams_000/TREMPPI/javascript/editor.html</file>
            <file>file:/C:/Users/adams_000/TREMPPI/javascript/data/index.js</file>
            <file>file:/C:/Users/adams_000/TREMPPI/javascript/function/graph.js</file>
            <file>file:/C:/Users/adams_000/TREMPPI/javascript/libs/jquery-2.1.3.js</file>
            <file>file:/C:/Users/adams_000/TREMPPI/javascript/quantitative.html</file>
            <file>file:/C:/Users/adams_000/TREMPPI/javascript/libs/cytoscape-2.3.9.js</file>
            <file>file:/C:/Users/adams_000/TREMPPI/javascript/data/editor/editor.json</file>
            <file>file:/C:/Users/adams_000/TREMPPI/javascript/data/select.json</file>
            <file>file:/C:/Users/adams_000/TREMPPI/javascript/data/properties.js</file>
            <file>file:/C:/Users/adams_000/TREMPPI/javascript/select.html</file>
            <file>file:/C:/Users/adams_000/TREMPPI/javascript/common/common.js</file>
            <file>file:/C:/Users/adams_000/TREMPPI/javascript/function/server.js</file>
            <file>file:/C:/Users/adams_000/TREMPPI/javascript/function/css.css</file>
            <file>file:/C:/Users/adams_000/TREMPPI/javascript/data/select.js</file>
            <file>file:/C:/Users/adams_000/TREMPPI/javascript/qualitative.html</file>
            <file>file:/C:/Users/adams_000/TREMPPI/javascript/regulations.html</file>
            <file>file:/C:/Users/adams_000/TREMPPI/javascript/data/properties.json</file>
            <file>file:/C:/Users/adams_000/TREMPPI/javascript/common/tremppi.js</file>
            <file>file:/C:/Users/adams_000/TREMPPI/javascript/function.html</file>
            <file>file:/C:/Users/adams_000/TREMPPI/javascript/index.html</file>
            <file>file:/C:/Users/adams_000/TREMPPI/javascript/libs/w2ui-1.4.2.js</file>
            <file>file:/C:/Users/adams_000/TREMPPI/javascript/common/css.css</file>
            <file>file:/C:/Users/adams_000/TREMPPI/javascript/data/editor.js</file>
            <file>file:/C:/Users/adams_000/TREMPPI/javascript/function/load.js</file>
            <file>file:/C:/Users/adams_000/TREMPPI/javascript/function/labels.js</file>
            <file>file:/C:/Users/adams_000/TREMPPI/javascript/properties.html</file>
        </group>
    </open-files>
</project-private>
