{
   "elements" : {
      "edges" : [
         {
            "data" : {
               "Frequency" : 1.0,
               "Pearson" : 0.6151932857938084,
               "Sign" : "+",
               "Threshold" : 1,
               "WeightedFrequency" : 0.56250,
               "source" : "A",
               "target" : "B"
            }
         },
         {
            "data" : {
               "Frequency" : 1.0,
               "Pearson" : 0.5064076271497242,
               "Sign" : "1",
               "Threshold" : 2,
               "WeightedFrequency" : 0.56250,
               "source" : "B",
               "target" : "B"
            }
         }
      ],
      "nodes" : [
         {
            "data" : {
               "id" : "A",
               "name" : "A"
            }
         },
         {
            "data" : {
               "id" : "B",
               "name" : "B"
            }
         }
      ]
   },
   "setup" : {
      "date" : "Tue Jun  9 11:23:18 2015",
      "s_name" : "all",
      "select" : " WHERE (1)",
      "size" : 26
   }
}

